result_id,result_group,step_order,step_name,step_type,exact_artifact_or_config,script_or_runner_if_known,input_data_or_dependency,candidate_or_search_space,metric_or_check_used,aim_of_step,outcome_or_what_was_learned,limitation_or_issue_found,motivation_for_next_step,connection_to_final_result,selected_for_final_package,evidence_file,confidence_level,thesis_visibility
simulation_dataset,simulation,1,KSE solver run,simulation_generation,final_thesis_package_v001/configs/00_simulation/kse_simulation.json,simulation/kse_simulation.py,none (generates the root dataset),"nx=64, L=22.0, dt=0.1, n_steps=30606, transient=500, seed=42",solver completion + post-transient trajectory shape,Generate the reference KSE trajectory that every downstream result is defined against.,"30,106 post-transient steps (~3010 physical time, ~130 Lyapunov times at lambda_max=0.043) on a 64-point grid, L=22.",The trajectory is chaotic: a 1e-14 difference between FFT/BLAS implementations reaches attractor scale within ~25% of the span.,"Bit-identical regeneration is impossible in principle, so the dataset had to be locked rather than rerun.",IS the root dataset: u_series.npy is the input to AE-SINDy and to every full64 forecasting model.,yes,final_thesis_package_v001/configs/00_simulation/kse_simulation.json,high,thesis_facing
simulation_dataset,simulation,2,Freeze decision (Q-29),freeze,final_thesis_package_v001/results/00_simulation/u_series.npy,n/a (copy + checksum),"simulation/simulation_data/ (locked, checksum-verified)",n/a,sha256 85bb1902875e2b30... byte-identity at destination,Decide whether to regenerate the trajectory package-locally or freeze the locked dataset.,FROZEN (2026-07-14). The solver was NOT rerun; the locked dataset was copied and re-hashed bit-identical at the destination.,"Reproduces the physics and statistics of the system, not the bits. This is a property of chaos, not a code defect.","With the dataset frozen, AE-SINDy latent-8 could be reproduced exactly (max abs difference 0.0) because it consumes these exact bits.",Defines the reproducibility BOUNDARY of the entire package.,yes,final_thesis_package_v001/manifests/stage2_simulation_freeze_sha256_manifest.csv,high,thesis_facing
simulation_dataset,simulation,3,Package copy + diagnostic figure,package_reproduction,final_thesis_package_v001/results/00_simulation/,n/a,locked simulation dataset,n/a,sha256 of every copied array,Place the frozen dataset and its diagnostic figure inside the package.,"Dataset + figure in package; figure kse_spatiotemporal_lyapunov.png (Lyapunov axis, emitted only when use_lyapunov=true).","The figure is a copy, not a package-side regeneration.",Downstream stages could then run entirely against package-local paths.,Supplies the one thesis-facing simulation figure and the data path in every downstream config.,yes,final_thesis_package_v001/results/00_simulation/ (frozen arrays and checksums),high,thesis_facing
latent8_trial014_representation,ae_sindy,1,Initial clean AE-SINDy baseline,probe,configs/ae_sindy/clean_norm_best_v1.json,"ae_sindy/ (train.py, analysis.py, model.py)",KSE u_series.npy,"single hand-tuned config; latent_dim=6, poly_order=2",none yet - establishes reconstruction + rollout-horizon machinery,Establish a working config-driven AE-SINDy pipeline on the canonical split.,"Pipeline, split and analysis metrics established.",A single config cannot say which sparsity/loss regime is best.,A systematic search was needed.,Defines the metrics all three AE-SINDy outcomes are measured with.,no (exploratory),artifacts_small/ae_sindy/AE_SINDY_WORKFLOW_AND_FINAL_SELECTION_AUDIT.md Phase 1,high,internal_provenance_only
latent8_trial014_representation,ae_sindy,2,HPC baseline + sparse variants,probe,"configs/ae_sindy/hpc_v100_{baseline,sparse_v1,sparse_v2_xavier,sparse_v3_balanced}.json",ae_sindy train/analysis,KSE u_series.npy,"~4 contrasting configs: latent 6 vs 8, poly_order 2 vs 3, constant vs xavier init, threshold 0.05 vs 0.2",reconstruction + rollout horizon (qualitative),Probe qualitatively different regimes and settle structural defaults.,"The xavier-init, poly_order=2 regime was most balanced; structural defaults settled.",Only a handful of points sampled; loss-weight/threshold interactions unresolved.,A proper grid was needed.,Settled poly_order=2 + xavier init used by the latent-8 study too.,no (exploratory),artifacts_small/ae_sindy/AE_SINDY_WORKFLOW_AND_FINAL_SELECTION_AUDIT.md Phase 2,high,internal_provenance_only
latent8_trial014_representation,ae_sindy,3,Optuna Stage 4A (latent-8) - SOURCE,focused_search,scripts/optuna_ae_sindy_stage4_latent8.py; study experiments/optuna_stage4_latent8/ (24 retained trials),optuna_ae_sindy_stage4_latent8.py,KSE u_series.npy,"latent_dim=8 frozen; coefficient_threshold [0.070,0.090], loss_weight_sindy_z [0.50,0.75], loss_weight_sindy_x [0.0008,0.003] log, learning_rate [6e-5,1.5e-4] log","relative VALIDATION reconstruction metric, with worst-case validation horizon as robustness tiebreak","Explore latent dim 8, because downstream forecasting benefits from a richer representation than the 6D dynamics model.","trial_014 selected: relative validation reconstruction ~0.0055, best tier of all 24 candidates; worst-case-horizon rank 3/24 (never collapses).",The best-reconstruction latent-8 model is NOT the longest-horizon dynamics model - the two objectives genuinely diverge at latent-8.,"That divergence is exactly why representation and dynamics are selected by different criteria, and it motivated the post-hoc refit.",IS the latent-8 representation: the frozen encoder/decoder all latent8 forecasting operates in.,YES - source of the final result,artifacts_small/ae_sindy/AE_SINDY_WORKFLOW_AND_FINAL_SELECTION_AUDIT.md Phase 11 / section 4B,high,thesis_facing
latent8_trial014_representation,ae_sindy,4,Optuna Stage 4B (latent-8 wider) - breadth check,broad_search,scripts/optuna_ae_sindy_stage4b_latent8.py; study experiments/optuna_stage4b_latent8/ (25 trials),optuna_ae_sindy_stage4b_latent8.py,KSE u_series.npy,"coefficient_threshold [0.085,0.170], sindy_z [0.25,1.00], sindy_x [0.0002,0.006] log, learning_rate [4e-5,2e-4] log, threshold_frequency {10,25,50,100}",multi-window validation horizon + reconstruction,Confirm the Stage-4A representation is not beaten by a wider region.,The wider search did NOT displace Stage-4A on validation reconstruction; trial_014 stands.,Confirmed no better latent-8 REPRESENTATION was available in the wider region.,Left open whether the frozen representation could support stronger autonomous PREDICTION - which motivated the post-hoc refit.,A breadth/robustness check that reinforces trial_014; not itself a final outcome.,no (breadth check),artifacts_small/ae_sindy/AE_SINDY_WORKFLOW_AND_FINAL_SELECTION_AUDIT.md Phase 12,high,appendix
latent8_trial014_representation,ae_sindy,5,Seed robustness + multi-window evaluation,seed_rerank,"experiments/seed_robustness/, experiments/multiwindow_eval/",scripts/evaluate_ae_sindy_multiwindow.py,frozen leading trials,leading trials re-run under multiple seeds; 5 disjoint 1000-step windows,stability of horizon/reconstruction across seeds and windows,Confirm the selected candidates are not single-seed or single-window artefacts.,Leading candidates stable across seeds; latent-8 dynamics more robust than latent-6.,A single chaotic rollout horizon is high-variance and near-uncorrelated between windows.,Established the robust multi-window criterion used for all final AE-SINDy selection.,Supports the robustness claim for the representation.,no (validation evidence),artifacts_small/ae_sindy/AE_SINDY_WORKFLOW_AND_FINAL_SELECTION_AUDIT.md Phases 8-9,high,appendix
latent8_trial014_representation,ae_sindy,6,Package reproduction (Stage 3),package_reproduction,final_thesis_package_v001/configs/01_ae_sindy/latent8_trial014_representation.json,ae_sindy/scripts/run_train.py -> run_analysis.py -> run_visualize.py,final_thesis_package_v001/results/00_simulation/u_series.npy,n/a (single locked config),reconstruction metrics vs locked reference; max abs difference,Re-execute the locked representation from scratch inside the package on the frozen simulation.,"REPRODUCED EXACTLY (max abs difference 0.0): MSE mean 0.006592637859284878, MAE mean 0.062012095004320145, latent (30106,8).",Requires a GPU to retrain the autoencoder (device_used: cuda); latent8 FORECASTING itself is CPU-reproducible from the export.,The exported latents had to be produced so latent8 forecasting could close its dependency inside the package.,IS the package's accepted representation and the dependency of all four latent8 forecasting models.,yes,final_thesis_package_v001/manifests/stage3_ae_sindy_latent8_sha256_manifest.csv,high,thesis_facing
latent8_trial014_representation,ae_sindy,7,Latent export,latent_export,final_thesis_package_v001/results/01_ae_sindy/latent8_trial014_representation/latent_data/,scripts/export_final_reproduction_latents.py,the package's own repro_latent8_trial014 run,n/a (deterministic export),latent shape + byte-identical reproducibility,Encode the full trajectory into frozen latent-8 coordinates and export train/valid/test arrays for forecasting.,"z_series (30106,8) + z_train/z_valid/z_test at 20000/25000; source_model_info.json points only at package-local paths.",none identified,"Latent8 forecasting configs could then read the package's OWN export, closing the chain inside the package.",The exact interface RC/NGRC/PERC/PINN latent8 consume.,yes,final_thesis_package_v001/results/01_ae_sindy/latent8_trial014_representation/latent_data/source_model_info.json,high,thesis_facing
latent8_trial014_representation,ae_sindy,8,Figures,plotting,final_thesis_package_v001/plots/01_ae_sindy/latent8_trial014_representation/ (6 PNGs),ae_sindy/scripts/run_visualize.py,the package run,n/a,n/a,Produce the run-native figures and curate them into plots/.,"6 figures; 4 carry Lyapunov time axes (use_lyapunov=true, lambda_max=0.043).",Copied into plots/ rather than regenerated there.,n/a - terminal step.,Supplies the thesis-facing AE-SINDy figures.,yes,final_thesis_package_v001/manifests/package_plot_index.csv,high,thesis_facing
latent6_trial002_dynamics_baseline,ae_sindy,1,Manual grid sweeps v1 -> v2 -> v3,grid_search,"scripts/generate_ae_sindy_sweep_v{1,2,3}.py -> configs/ae_sindy/sweep_v{1,2,3}/ (24 / 13 / 72 configs)",ae_sindy train/analysis,KSE u_series.npy,"v1: threshold {0.03..0.06} x sindy_z {0.4,0.6,0.8} x reg {3e-4,1e-3}; v2 re-centred on v1 winner, adds sindy_x {0.01,0.02}; v3: dense local refinement (72 runs)",analysis-window rollout horizon + reconstruction,Map the latent-6 sparsity/loss landscape systematically; each version re-centres on the previous winner.,"v1 best sat at the grid EDGE (thr~0.06, z~0.8) -> v2 re-centred and added sindy_x -> v2_003 best -> v3 confirmed a SHALLOW, FLAT optimum.",v1's optimum was at the grid edge and sindy_x was unvaried; by v3 the objective was flat - manual grids waste runs on flat regions and cannot search continuously.,Flatness + edge effects motivated Bayesian (Optuna) optimisation.,Narrowed the latent-6 threshold/weight region that Optuna then refined into trial_002.,no (exploratory landscape mapping),artifacts_small/ae_sindy/AE_SINDY_WORKFLOW_AND_FINAL_SELECTION_AUDIT.md Phases 3-5,high,internal_provenance_only
latent6_trial002_dynamics_baseline,ae_sindy,2,Optuna Stage 1 (latent-6 broad),broad_search,"scripts/optuna_ae_sindy_stage1.py; study experiments/optuna_stage1/ (~28 trials, TPE)",optuna_ae_sindy_stage1.py,KSE u_series.npy,"coefficient_threshold [0.03,0.08], sindy_z [0.4,1.2], sindy_x [0.001,0.03] log, regularization log, learning_rate [5e-5,5e-4] log","SINDy rollout horizon (primary) + decoder metric, active terms, rollout success",Replace manual gridding with continuous Bayesian search over latent-6.,"Identified a high-threshold, moderate-z sub-region as most promising.",Stage-1 ranges were broad; the best region deserved higher resolution.,A focused Stage 2 could exploit the best region.,Bounds the focused Stage 2 that produced the final baseline.,no (exploratory),artifacts_small/ae_sindy/AE_SINDY_WORKFLOW_AND_FINAL_SELECTION_AUDIT.md Phase 6,high,appendix
latent6_trial002_dynamics_baseline,ae_sindy,3,Optuna Stage 2 (focused latent-6) - SOURCE,focused_search,scripts/optuna_ae_sindy_stage2.py; study experiments/optuna_stage2/ (25 trials); run optuna_stage2_trial_002,optuna_ae_sindy_stage2.py,KSE u_series.npy,"coefficient_threshold [0.060,0.085], sindy_z [0.35,0.75], sindy_x [0.0006,0.004] log, learning_rate [5e-5,1.8e-4] log",robust multi-window VALIDATION horizon (mean + worst case) + validation reconstruction + parsimony,Finalise the discovered-dynamics candidate in the best Stage-1 region.,"trial_002: robust rank 1 by mean validation horizon (4.30, min 1.10) AND best validation reconstruction (0.0204) of the study; 17 active quadratic terms; 5/5 windows stable.","Even the best latent-6 dynamics have a short, window-variable horizon (intrinsic to chaotic KSE); one latent coordinate (z2) carries no above-threshold dynamics.","Library choice still had to be justified, and the horizon/reconstruction trade-off motivated separating the representation role.",IS the latent-6 dynamics baseline.,YES - source of the final result,artifacts_small/ae_sindy/AE_SINDY_WORKFLOW_AND_FINAL_SELECTION_AUDIT.md Phase 7 / section 4A,high,thesis_facing
latent6_trial002_dynamics_baseline,ae_sindy,4,Library ablation,grid_search,"experiments/library_ablation/ (lib_poly1_*, lib_poly2_sine_*, lib_poly3_*)",scripts/evaluate_ae_sindy_multiwindow.py,frozen latent-6 encoder,"poly_order in {1,2,3} and a poly2+sine variant",multi-window horizon + reconstruction,Justify the SINDy library choice rather than assuming it.,"poly_order=2 (no sine) is the right complexity: order 1 underfits, order 3 and sine add terms without improving robust horizon.",none - this closes the library question.,n/a - question closed.,Justifies the quadratic library of the final baseline.,no (justification evidence),artifacts_small/ae_sindy/AE_SINDY_WORKFLOW_AND_FINAL_SELECTION_AUDIT.md Phase 10,high,appendix
latent6_trial002_dynamics_baseline,ae_sindy,5,Package from-scratch retrain ATTEMPT - REJECTED,package_reproduction,Q-30 Option A (attempted),ae_sindy/scripts/run_train.py,final_thesis_package_v001/results/00_simulation/u_series.npy,n/a (single locked config),reproduction of the canonical checkpoint metrics,"Try to rebuild latent6_trial002 from scratch inside the package, as done for latent8.",FAILED and was REJECTED: cross-environment CUDA nondeterminism means the checkpoint is not from-scratch bit-reproducible on today's hardware.,The retrain did not reproduce the canonical selected checkpoint; a mismatch forensic was required.,Option B (frozen checkpoint + package-local reanalysis) was adopted instead.,Explains WHY the final package result is a reanalysis rather than a retrain. Needed for honesty.,no (rejected),not shipped; the retrain was rejected because repeating it on a different CUDA stack did not reproduce the checkpoint numerically,high,thesis_facing
latent6_trial002_dynamics_baseline,ae_sindy,6,"Frozen checkpoint reanalysis (Stage 4A, Option B)",checkpoint_reanalysis,final_thesis_package_v001/configs/01_ae_sindy/latent6_trial002_dynamics_baseline_checkpoint_reanalysis.json,ae_sindy/scripts/run_analysis.py --eval-split test; run_visualize.py,frozen model.pt (sha256 30c3f2e1...) + package simulation,n/a (frozen weights; no training),reproduction of canonical horizon / decoder error / active terms,"Reanalyse and visualise the FROZEN selected checkpoint package-locally, without retraining.","Reproduced canonical EXACTLY: test horizon 8.8, decoder_error 0.022894755005836487, active_terms 17. model.pt byte-identical to source.",retrained: false. The outcome IS the frozen selected checkpoint - NOT a from-scratch retrain.,n/a - this is the accepted final form.,IS the package's latent-6 dynamics baseline.,yes,final_thesis_package_v001/manifests/stage4a_latent6_trial002_checkpoint_reanalysis_sha256_manifest.csv,high,thesis_facing
latent6_trial002_dynamics_baseline,ae_sindy,7,Figures,plotting,final_thesis_package_v001/plots/01_ae_sindy/latent6_trial002_dynamics_baseline/ (6 PNGs),ae_sindy/scripts/run_visualize.py,the package reanalysis run,n/a,n/a,Produce and curate the run-native figures.,6 figures; 4 on Lyapunov time axes.,"Rendered from a frozen checkpoint, not a retrain.",n/a - terminal step.,Supplies the latent-6 baseline figures.,yes,final_thesis_package_v001/manifests/package_plot_index.csv,high,appendix
latent8_trial014_posthoc_thr0025_predictive,ae_sindy,1,Frozen representation dependency,latent_export,final_thesis_package_v001/results/01_ae_sindy/latent8_trial014_representation/repro_latent8_trial014,n/a,latent8_trial014_representation (frozen encoder/decoder),n/a,n/a,Fix the representation the refit is built on.,The SAME frozen latent-8 encoder/decoder is reused; the autoencoder is NOT retrained - only SINDy coefficients change.,The refit is bounded by the representation it sits on.,n/a - dependency step.,Defines what 'post-hoc' means here: coefficients re-solved on a frozen representation.,yes (dependency),artifacts_small/ae_sindy/AE_SINDY_WORKFLOW_AND_FINAL_SELECTION_AUDIT.md section 4C,high,thesis_facing
latent8_trial014_posthoc_thr0025_predictive,ae_sindy,2,Post-hoc threshold x ridge trade-off study,grid_search,"experiments/posthoc_sindy_refit_tradeoff_latent8/, .../posthoc_sindy_refit_strongridge_latent8/",scripts/posthoc_refit_sindy.py,"frozen latent-8 trajectory; coefficients fit on TRAIN [0,20000)","trade-off: ridge_alpha {1e-3,1e-4,1e-5,1e-6} x threshold {0.025..0.065}; strong-ridge: ridge_alpha {1.0,0.1,0.01} x threshold {0.05..0.15}; 60 candidates total",robust multi-window VALIDATION rollout horizon (mean + worst case),Ask whether the frozen representation can support stronger autonomous latent prediction when coefficients are refit for prediction rather than sparsity.,Threshold 0.025 is rank 1 by BOTH mean (11.5) and worst-case (5.30) validation horizon; ridge alpha is immaterial in 1e-3..1e-6.,"Predictive horizon and sparsity trade off DIRECTLY: sparser refits lose most of the horizon, so the predictive winner is dense (292/360 ~ 81% active) and NOT interpretable.",The validation-selected threshold could then be reported once on test.,Selects threshold 0.025 / ridge 0.001 - the final post-hoc configuration.,YES - source of the final result,artifacts_small/ae_sindy/AE_SINDY_WORKFLOW_AND_FINAL_SELECTION_AUDIT.md Phase 14,high,thesis_facing
latent8_trial014_posthoc_thr0025_predictive,ae_sindy,3,Package post-hoc refit (Stage 5),posthoc_refit,final_thesis_package_v001/configs/01_ae_sindy/latent8_trial014_posthoc_thr0025.json,ae_sindy/scripts/posthoc_refit_sindy.py,package's frozen repro_latent8_trial014 run,"single locked point: threshold 0.025, ridge_alpha 0.001, max_iter 10","5 test windows [25000,30000] reported once; test_used_for_selection=false",Reproduce the validation-selected post-hoc refit inside the package and report test once.,mean test horizon 10.860000000000001 (per-window 7.6 / 10.5 / 19.5 / 11.5 / 5.2); 292/360 active; refit_train_mse 0.0003019851840719146; mean_decoder_error 0.005778396315872669.,"Dense (81% active) - a PREDICTIVE refit, not a sparse/interpretable equation. The forecasting models never integrate these coefficients.",n/a - accepted final form.,IS the package's post-hoc predictive result.,yes,final_thesis_package_v001/manifests/stage5_ae_sindy_posthoc_sha256_manifest.csv,high,thesis_facing
latent8_trial014_posthoc_thr0025_predictive,ae_sindy,4,Zero post-hoc figures (decision),documentation,final_thesis_package_v001/plots/ (no posthoc directory),n/a,n/a,n/a,n/a,Decide whether post-hoc figures ship.,ZERO post-hoc figures ship. The package deliberately contains no post-hoc plot directory.,The post-hoc trio in the old tree remains excluded; adding it would reopen the Stage-5 zero-post-hoc decision.,Held pending under Q-35.,"This result is quoted from tables only, not shown as a figure.",n/a (no plot),final_thesis_package_v001/manifests/stage5_ae_sindy_posthoc_sha256_manifest.csv,high,internal_provenance_only
ngrc_full64,forecasting,1,Smoke test,smoke,forecasting/configs/ngrc/smoke/full64_ngrc_smoke_v002.json,forecasting runner (data_mode dispatch),KSE u_series.npy,"minimal execution, not a search",runner completes; data path resolves; outputs written,"Check the runner, config schema and data path execute end-to-end before spending compute.",Pipeline executes for this model/data_mode. Available evidence suggests no scientific claim was drawn from this stage.,A smoke run says nothing about model quality.,A parameter feasibility probe was needed before any search.,Infrastructure only; no bearing on the final numbers.,no (infrastructure),forecasting/configs/ngrc/smoke/full64_ngrc_smoke_v002.json,medium,internal_provenance_only
ngrc_full64,forecasting,2,Probes,probe,"forecasting/configs/ngrc/probes/full64_ngrc_probe_{bias,delay2,pairwise_small,trig}_v002.json (4 configs)",forecasting probe runner,KSE u_series.npy,"feature-library variants: bias term, delay depth 2, small pairwise (quadratic) set, trigonometric features",validation relative_l2_horizon_time,Test which NGRC FEATURE LIBRARY components matter before searching continuous hyperparameters. Configuration differences indicate the four probes isolate one library component each.,The final config keeps bias and pairwise (quadratic) features and uses sin/cos - available evidence suggests the probes settled the library structure rather than the ridge/context values.,"Probes fix structure but cannot tune continuous parameters (context length, ridge).",A grid then an optimizer search were needed over the continuous parameters.,Fixed the structural choices the later searches held constant.,no (exploratory),"forecasting/configs/ngrc/probes/full64_ngrc_probe_{bias,delay2,pairwise_small,trig}_v002.json (4 configs)",medium,internal_provenance_only
ngrc_full64,forecasting,3,Grid search v002,grid_search,forecasting/configs/ngrc/search/grid/full64_ngrc_grid_search_v002.json,forecasting/scripts/grid_search_ngrc.py,KSE u_series.npy,coarse grid over NGRC readout/context parameters (exact ranges: see config),validation relative_l2_horizon_time,Find the promising region coarsely before spending an optimizer budget.,"Region-finding only. NOTE: the grid OUTPUT directory no longer exists on disk (removed in cleanup Wave 1), so this step is evidenced by its config, not its results.",Grid outputs deleted; the exact best grid point is unknown from available evidence.,"The latent8 sibling config records the policy 'optimizer_only_after_grid_region_finding', indicating the grid was used to bound the optimizer, not to select.",Bounded the optimizer search; not itself selection evidence.,no (exploratory),forecasting/configs/ngrc/search/grid/full64_ngrc_grid_search_v002.json,medium,internal_provenance_only
ngrc_full64,forecasting,4,Optimizer search v002,optimizer_search,forecasting/configs/ngrc/search/optimizer/full64_ngrc_optimizer_search_v002.json (+ ..._tree_search_v002.json),forecasting/scripts/optimizer_search_ngrc.py,KSE u_series.npy,"optimizers [gp, dummy]; continuous NGRC space incl. ridge_alpha with NO enforced lower bound",validation relative_l2_horizon_time (maximize),Select NGRC full64 by continuous validation-only search.,"Produced selected v002: gp-sourced, feature dimension 1665, validation horizon 419.2, ridge_alpha 6.3e-10.","DECISIVE DEFECT: the winning ridge_alpha (6.3e-10) is far below the well-posed range. The 1665 delay-embedded quadratic features are strongly collinear, so a near-zero ridge leaves the solution partly determined by floating-point reduction order and the validation horizon is not reproducible across BLAS thread configurations.","The search had found a peak in a NUISANCE parameter (floating-point noise), not a better model - so the ridge range had to be corrected and the search rerun.",SUPERSEDED. Its 419.2 is not a defensible number; it is the reason the stable-ridge stage exists.,no - SUPERSEDED,forecasting/configs/ngrc/selected/full64_ngrc_selected_v002.json + artifacts_small/forecasting/ngrc/v002_reproducibility_audit.md,high,thesis_facing
ngrc_full64,forecasting,5,Reproducibility audit,documentation,artifacts_small/forecasting/ngrc/v002_reproducibility_audit.md,n/a (audit),selected v002 vs its optimizer source config,n/a,structural config match + numerical reproducibility across thread configurations,Check NGRC v002 reproducibility after the RC spectral-radius issue was found.,"NGRC v002 passes the STRUCTURAL audit (selected config matches its validation-selected source exactly; NGRC has no random reservoir). The NUMERICAL problem is the ill-conditioned ridge, not a config mismatch.",Structural correctness does not imply numerical stability.,Motivated a corrected search with a bounded ridge range.,"Establishes that the v002 defect is numerical conditioning, not provenance.",no (audit),artifacts_small/forecasting/ngrc/v002_reproducibility_audit.md,high,thesis_facing
ngrc_full64,forecasting,6,Optimizer search v003,optimizer_search,forecasting/configs/ngrc/search/optimizer/full64_ngrc_optimizer_search_v003.json,forecasting/scripts/optimizer_search_ngrc.py,KSE u_series.npy,v003 space (superseded),validation relative_l2_horizon_time,Intermediate corrected search.,Superseded by v003_stable_ridge; the stable-ridge config's metadata records 'supersedes: full64_ngrc_optimizer_search_v003.json'. Its output directory does not exist on disk.,"What v003 changed relative to v002, and why it in turn needed replacing, is unknown from available evidence beyond the supersedes pointer.",The stable-ridge variant is the one that ran and produced the final config.,Superseded intermediate.,no - SUPERSEDED,forecasting/configs/ngrc/search/optimizer/full64_ngrc_optimizer_search_v003_stable_ridge.json (supersedes field),low,internal_provenance_only
ngrc_full64,forecasting,7,Optimizer search v003_stable_ridge - SOURCE,optimizer_search,forecasting/configs/ngrc/search/optimizer/full64_ngrc_optimizer_search_v003_stable_ridge.json,forecasting/scripts/optimizer_search_ngrc.py,KSE u_series.npy,"ridge_alpha restricted to [1e-6, 1e-2] (corrected range); optimizers incl. forest; validation-only (evaluate_test=false, append_registry=false enforced in optimizer_search_ngrc.py)",validation relative_l2_horizon_time (maximize),Re-run the search with the ridge lower-bounded into the well-posed regime.,"forest trial 108 won: context_steps 18, sin+cos on, ridge_alpha 2.62e-05, feature dimension 4609. The selected value sits an order of magnitude above the lower bound.",The honest number is LOWER than the superseded one (379.9 vs 419.2). The correction costs headline performance.,n/a - produced the final config.,IS the source of the final selected config.,YES - source of the final result,forecasting/configs/ngrc/search/optimizer/full64_ngrc_optimizer_search_v003_stable_ridge.json (metadata.ridge_range_rationale),high,thesis_facing
ngrc_full64,forecasting,8,Selected v003_stable_ridge,selected_evaluation,forecasting/configs/ngrc/selected/full64_ngrc_selected_v003_stable_ridge.json,forecasting/scripts/run_ngrc.py,KSE u_series.npy,n/a (locked config),validation horizon for selection; test evaluated once after locking (test_used_for_selection: false),Lock the stable-ridge config and report test once.,valid 379.9 / test 324.0. Stability note: same-profile deterministic rerun bit-identical; pinned/unpinned validation horizon difference 0.29%.,"NGRC full64 is deterministic (no RNG), so no seed distribution exists or is definable for it.",n/a - final.,IS the final selected config.,yes,forecasting/configs/ngrc/selected/full64_ngrc_selected_v003_stable_ridge.json,high,thesis_facing
ngrc_full64,forecasting,9,Package reproduction (Stage 4),package_reproduction,final_thesis_package_v001/configs/02_forecasting/ngrc_full64.json,forecasting/scripts/run_ngrc.py,final_thesis_package_v001/results/00_simulation/u_series.npy,n/a (single locked config),validation/test relative_l2_horizon_time vs canonical,Re-execute the locked selected config inside the package against package-local data.,"Reproduced canonical to the decimal on the conda torch interpreter forced to CPU (Q-31, CUDA_VISIBLE_DEVICES=''). Registry unchanged.",none identified at this step,n/a - accepted final form.,IS the package result: results/02_forecasting/ngrc/selected/ngrc_full64_selected_v003_stable_ridge,yes,final_thesis_package_v001/manifests/stage4_forecasting_group_ab_sha256_manifest.csv,high,thesis_facing
ngrc_full64,forecasting,10,Figures (Stage 6),plotting,final_thesis_package_v001/plots/02_forecasting/per_model/ngrc_full64/ (4 PNGs),forecasting/scripts/plot_forecasting_visuals.py,the package result dir (read-only),n/a,n/a,Generate the per-model forecasting figures from the accepted package results.,"4 PNGs: {validation,test}_{relative_l2_horizon,spatiotemporal_comparison}. Lyapunov time axes (use_lyapunov=true, lambda_max=0.043).","Figure time axes are in Lyapunov units, so horizon markers do NOT equal the physical-time tables (Q-5).",n/a - terminal step.,Supplies this model's thesis-facing figures.,yes,final_thesis_package_v001/manifests/package_plot_index.csv,high,thesis_facing
ngrc_latent8,forecasting,1,Smoke test,smoke,forecasting/configs/ngrc/smoke/latent8_ngrc_smoke_v002.json,forecasting runner (data_mode dispatch),KSE u_series.npy / latent export,"minimal execution, not a search",runner completes; data path resolves; outputs written,"Check the runner, config schema and data path execute end-to-end before spending compute.",Pipeline executes for this model/data_mode. Available evidence suggests no scientific claim was drawn from this stage.,A smoke run says nothing about model quality.,A parameter feasibility probe was needed before any search.,Infrastructure only; no bearing on the final numbers.,no (infrastructure),forecasting/configs/ngrc/smoke/latent8_ngrc_smoke_v002.json,medium,internal_provenance_only
ngrc_latent8,forecasting,2,Probes,probe,"forecasting/configs/ngrc/probes/latent8_ngrc_probe_{bias,delay2,pairwise,trig}_v002.json (4 configs)",forecasting probe runner,KSE u_series.npy / latent export,"feature-library variants: bias, delay depth 2, pairwise (quadratic), trigonometric - mirroring the full64 probe set",validation relative_l2_horizon_time,Test which NGRC feature-library components matter in the 8-dimensional latent space.,Configuration differences indicate the same four library components were probed as for full64. The specific per-probe outcomes are unknown from available evidence (probe outputs are not retained).,Probes fix structure only.,A grid then optimizer search were needed over continuous parameters.,Fixed the structural choices the later searches held constant.,no (exploratory),"forecasting/configs/ngrc/probes/latent8_ngrc_probe_{bias,delay2,pairwise,trig}_v002.json (4 configs)",medium,internal_provenance_only
ngrc_latent8,forecasting,3,Grid search v002 (region finding),grid_search,forecasting/configs/ngrc/search/grid/latent8_ngrc_grid_search_v002.json,forecasting/scripts/grid_search_ngrc.py,package latent export z_train/z_valid,coarse grid over NGRC latent8 parameters,validation relative_l2_horizon_time,Find the promising region before spending optimizer budget.,"Used for REGION FINDING only - the selected config records selection_policy 'optimizer_only_after_grid_region_finding' and 'supersedes: previous grid-selected latent8_v002 config', so an earlier grid-selected config existed and was replaced by the optimizer-selected one.",Grid output directory no longer exists on disk (cleanup Wave 1).,The grid-selected config was superseded by the optimizer-selected one.,Bounded the optimizer search; explicitly NOT the selection step.,no (superseded by optimizer selection),forecasting/configs/ngrc/selected/latent8_ngrc_selected_v002.json (metadata),high,internal_provenance_only
ngrc_latent8,forecasting,4,Optimizer search v002 - SOURCE,optimizer_search,forecasting/configs/ngrc/search/optimizer/latent8_ngrc_optimizer_search_v002.json (+ ..._tree_search_v002.json),forecasting/scripts/optimizer_search_ngrc.py,package latent export,"optimizers [gp, dummy]; continuous NGRC latent8 space",validation relative_l2_horizon_time (maximize),Select NGRC latent8 by continuous validation-only search after grid region finding.,The DUMMY (random) optimizer produced the winner: selection_source 'v002_optimizer_dummy'. Search output ngrc_latent8_optimizer_search_v002 survives on disk and backs the 3 optimizer figures.,"That random search won suggests the latent8 NGRC objective is not strongly structured - a broad flat landscape. This is an inference from the selection_source field, not an explicit statement.",n/a - produced the final config.,IS the source of the final selected config.,YES - source of the final result,forecasting/configs/ngrc/selected/latent8_ngrc_selected_v002.json (metadata.selection_source),high,thesis_facing
ngrc_latent8,forecasting,5,Optimizer search v003 (not adopted),optimizer_search,forecasting/configs/ngrc/search/optimizer/latent8_ngrc_optimizer_search_v003.json,forecasting/scripts/optimizer_search_ngrc.py,package latent export,v003 space,validation relative_l2_horizon_time,A v003 latent8 optimizer-search CONFIG exists.,"NO v003 latent8 selected config was ever produced, and no v003 latent8 search output exists on disk. The package uses selected v002.","Whether v003 ran at all, and why it was not adopted, is unknown from available evidence.",n/a - the final result stayed at v002.,Not connected to the final result; recorded so the version gap is not mistaken for an omission.,no - not adopted,forecasting/configs/ngrc/search/optimizer/latent8_ngrc_optimizer_search_v003.json,low,internal_provenance_only
ngrc_latent8,forecasting,6,Selected v002,selected_evaluation,forecasting/configs/ngrc/selected/latent8_ngrc_selected_v002.json,forecasting/scripts/run_ngrc.py,package latent export,n/a (locked config),validation horizon for selection; test evaluated once after locking,Lock the optimizer-selected latent8 config and report test once.,valid 24.2 / test 9.8.,"NGRC latent8 is deterministic (no RNG) - no seed distribution exists. Its quality is bounded by the latent-8 representation, not only by the forecaster.",n/a - final.,IS the final selected config.,yes,forecasting/configs/ngrc/selected/latent8_ngrc_selected_v002.json,high,thesis_facing
ngrc_latent8,forecasting,7,Package reproduction (Stage 4),package_reproduction,final_thesis_package_v001/configs/02_forecasting/ngrc_latent8.json,forecasting/scripts/run_ngrc.py,final_thesis_package_v001/results/00_simulation/u_series.npy + package latent export,n/a (single locked config),validation/test relative_l2_horizon_time vs canonical,Re-execute the locked selected config inside the package against package-local data.,"Reproduced canonical to the decimal on the conda torch interpreter forced to CPU (Q-31, CUDA_VISIBLE_DEVICES=''). Registry unchanged.",none identified at this step,n/a - accepted final form.,IS the package result: results/02_forecasting/ngrc/selected/ngrc_latent8_selected_v002,yes,final_thesis_package_v001/manifests/stage4_forecasting_group_ab_sha256_manifest.csv,high,thesis_facing
ngrc_latent8,forecasting,8,Figures (Stage 6),plotting,final_thesis_package_v001/plots/02_forecasting/per_model/ngrc_latent8/ (4 PNGs),forecasting/scripts/plot_forecasting_visuals.py,the package result dir (read-only),n/a,n/a,Generate the per-model forecasting figures from the accepted package results.,"4 PNGs: {validation,test}_{relative_l2_horizon,spatiotemporal_comparison}. Lyapunov time axes (use_lyapunov=true, lambda_max=0.043).","Figure time axes are in Lyapunov units, so horizon markers do NOT equal the physical-time tables (Q-5).",n/a - terminal step.,Supplies this model's thesis-facing figures.,yes,final_thesis_package_v001/manifests/package_plot_index.csv,high,thesis_facing
rc_full64,forecasting,1,Smoke test,smoke,forecasting/configs/rc/smoke/full64_rc_smoke_v001.json,forecasting runner (data_mode dispatch),KSE u_series.npy,"minimal execution, not a search",runner completes; data path resolves; outputs written,"Check the runner, config schema and data path execute end-to-end before spending compute.",Pipeline executes for this model/data_mode. Available evidence suggests no scientific claim was drawn from this stage.,A smoke run says nothing about model quality.,A parameter feasibility probe was needed before any search.,Infrastructure only; no bearing on the final numbers.,no (infrastructure),forecasting/configs/rc/smoke/full64_rc_smoke_v001.json,medium,internal_provenance_only
rc_full64,forecasting,2,Probes,probe,"forecasting/configs/rc/probes/full64_rc_probe_{reservoir1000_conservative,reservoir1000_regularized,slow_leak_washout200,small_input,small_radius,strong_ridge}_v001.json (6 configs)",forecasting probe runner,KSE u_series.npy,"6 contrasting reservoir regimes: reservoir size 1000 conservative vs regularized, slow leak + washout 200, small input scaling, small spectral radius, strong ridge",validation relative_l2_horizon_time,Probe feasible regions before committing search budget. Configuration differences indicate each probe isolates one structural regime.,Available evidence suggests the probes bounded the search space; per-probe outcomes are not retained on disk.,Probes cannot resolve continuous interactions.,A grid then an optimizer search were needed.,Fixed the structural choices the later searches held constant.,no (exploratory),"forecasting/configs/rc/probes/full64_rc_probe_{reservoir1000_conservative,reservoir1000_regularized,slow_leak_washout200,small_input,small_radius,strong_ridge}_v001.json (6 configs)",medium,internal_provenance_only
rc_full64,forecasting,3,Grid search v001,grid_search,forecasting/configs/rc/search/grid/full64_rc_grid_search_v001.json (+ full64_rc_legacy_focus_search_v001.json),forecasting/scripts/grid_search_rc.py,KSE u_series.npy,coarse grid (ranges in config),validation relative_l2_horizon_time,Coarse region finding before the optimizer.,Region-finding only. Grid output directories no longer exist on disk (cleanup Wave 1); evidenced by config.,The exact best grid point is unknown from available evidence.,An optimizer search over continuous parameters was the next step.,Bounded the optimizer search; not selection evidence.,no (exploratory),forecasting/configs/rc/search/grid/full64_rc_grid_search_v001.json (+ full64_rc_legacy_focus_search_v001.json),medium,internal_provenance_only
rc_full64,forecasting,4,Optimizer search v001 -> selected v001,optimizer_search,"rc_full64_optimizer_search_v001 -> selected v001 (forest trial 80, valid 33.0)",forecasting/scripts/optimizer_search_rc.py,KSE u_series.npy,continuous space; multiple optimizer families (dummy/forest/gbrt/gp),"validation relative_l2_horizon_time (maximize), single seed per trial",First continuous validation-only selection.,Produced a v001 selected config. SUPERSEDED.,"Every optimizer trial trains with a DIFFERENT seed (optimizer_search_*.py assigns a different seed to every trial), so the search maximizes over (hyperparameters x seed) JOINTLY - hyperparameter quality and seed luck are inseparable.",A further search iteration was run before the defect was diagnosed.,Superseded; part of the chain that produced the published-but-inflated numbers.,no - SUPERSEDED,forecasting/configs/rc/selected/,medium,internal_provenance_only
rc_full64,forecasting,5,Optimizer search v002/v003 -> published selected,optimizer_search,"rc_full64_optimizer_search_v002 -> selected v002 (gp trial 78, valid 49.6)",forecasting/scripts/optimizer_search_rc.py,KSE u_series.npy,refined continuous space,"validation relative_l2_horizon_time (maximize), single seed per trial",Refine the promising region and lock a selected config.,Produced the PUBLISHED config: valid_h 49.6 / test_h 25.1. Search directory rc_full64_optimizer_search_v002 survives on disk and backs this model's 3 optimizer figures.,"The published valid_h 49.6 lies ABOVE THE ENTIRE RANGE of fresh seeds - its seed was the winning trial's seed, i.e. selected for being lucky. This is winner's curse, not a better model.",A validation-only seed-robust rerank was required before any number could be defended.,SUPERSEDED by v003_seedrobust. Its 49.6 is the dashed reference line in the seed-robustness figure.,no - SUPERSEDED,forecasting/configs/rc/selected/full64_rc_selected_v002.json,high,thesis_facing
rc_full64,forecasting,6,Seed-robust rerank (15 seeds x 10 candidates),seed_rerank,experiments/final_stochastic_seed_robust_repair_v001/ (750 runs total across 5 models),seed-robust repair pipeline,KSE u_series.npy,top-10 candidates from rc_full64_optimizer_search_v002 x 15 fresh seeds (9403101-9403115) = 150 validation runs for this model,"median valid_relative_l2_horizon_time over 15 seeds, then mean, then min, then median valid_relative_l2_mean, then smaller candidate rank; validation only",Re-rank the top candidates by a seed-ROBUST statistic so hyperparameter quality is separated from seed luck.,"Winner = candidate c07 (forest-sourced): median 24.4, min 19.9, max 32.0 over 15 seeds. Not one published candidate survived reranking across the five models.",The luckiest seed would have reported 32.0 - reporting it would have been noise. The spread is large relative to differences between candidates.,"The winner then needed a representative (median) seed locked, and one authorized test evaluation.",Selects candidate c07 - IS the final selection decision for this model.,YES - source of the final result,experiments/final_stochastic_seed_robust_repair_v001/FINAL_STOCHASTIC_FORECASTING_SEED_ROBUST_REPAIR_REPORT.md,high,thesis_facing
rc_full64,forecasting,7,Selected v003_seedrobust,selected_evaluation,forecasting/configs/rc/selected/full64_rc_selected_v003_seedrobust.json,forecasting/scripts/run_rc.py,KSE u_series.npy,n/a (locked config),validation median for selection; test evaluated exactly once after locking (test_used_for_selection: false),Lock the median-representative seed and report test once.,random_seed 9403115 - the rerank seed whose validation horizon is CLOSEST TO THE 15-SEED MEDIAN (abs difference from median 0.0). Final: valid 24.4 / test 15.9.,"Deliberately NOT the best-performing seed (luckiest = 32.0). The locked model must be typical of the seed distribution, not a lucky tail draw.",n/a - final.,IS the final selected config.,yes,forecasting/configs/rc/selected/,high,thesis_facing
rc_full64,forecasting,8,Seed-robustness figure (Stage 7B),plotting,final_thesis_package_v001/plots/comparison/seed_robustness/rc_full64/seed_robust_candidate_boxplots.png,final_thesis_package_v001/scripts/plot_seed_robust_per_model.py,"final_thesis_package_v001/results/02_forecasting/provenance/seed_robust/*.csv (staged, checksum-verified)",10 candidates x 15 seeds,n/a (rendering only),Make the selection correction legible per model.,"Boxplot of 10 candidates x 15 seeds; green = winner c07, dashed line = published 49.6.","y-axis is validation horizon in PHYSICAL simulation time - unlike the per-model forecasting figures, which are in Lyapunov time.",n/a - terminal step.,The appendix evidence for this model's selection.,yes,final_thesis_package_v001/results/02_forecasting/provenance/seed_robust/ (seed-robust provenance CSVs),high,appendix
rc_full64,forecasting,9,Package reproduction (Stage 4),package_reproduction,final_thesis_package_v001/configs/02_forecasting/rc_full64.json,forecasting/scripts/run_rc.py,final_thesis_package_v001/results/00_simulation/u_series.npy,n/a (single locked config),validation/test relative_l2_horizon_time vs canonical,Re-execute the locked selected config inside the package against package-local data.,"Reproduced canonical to the decimal on the conda torch interpreter forced to CPU (Q-31, CUDA_VISIBLE_DEVICES=''). Registry unchanged.",none identified at this step,n/a - accepted final form.,IS the package result: results/02_forecasting/rc/selected/rc_full64_selected_v003_seedrobust,yes,final_thesis_package_v001/manifests/stage4_forecasting_group_ab_sha256_manifest.csv,high,thesis_facing
rc_full64,forecasting,10,Figures (Stage 6),plotting,final_thesis_package_v001/plots/02_forecasting/per_model/rc_full64/ (4 PNGs),forecasting/scripts/plot_forecasting_visuals.py,the package result dir (read-only),n/a,n/a,Generate the per-model forecasting figures from the accepted package results.,"4 PNGs: {validation,test}_{relative_l2_horizon,spatiotemporal_comparison}. Lyapunov time axes (use_lyapunov=true, lambda_max=0.043).","Figure time axes are in Lyapunov units, so horizon markers do NOT equal the physical-time tables (Q-5).",n/a - terminal step.,Supplies this model's thesis-facing figures.,yes,final_thesis_package_v001/manifests/package_plot_index.csv,high,thesis_facing
rc_latent8,forecasting,1,Smoke test,smoke,forecasting/configs/rc/smoke/latent8_rc_smoke_v001.json,forecasting runner (data_mode dispatch),KSE u_series.npy / latent export,"minimal execution, not a search",runner completes; data path resolves; outputs written,"Check the runner, config schema and data path execute end-to-end before spending compute.",Pipeline executes for this model/data_mode. Available evidence suggests no scientific claim was drawn from this stage.,A smoke run says nothing about model quality.,A parameter feasibility probe was needed before any search.,Infrastructure only; no bearing on the final numbers.,no (infrastructure),forecasting/configs/rc/smoke/latent8_rc_smoke_v001.json,medium,internal_provenance_only
rc_latent8,forecasting,2,Probes,probe,"forecasting/configs/rc/probes/latent8_rc_probe_{reservoir1000_conservative,reservoir1000_regularized,slow_leak_washout200,small_input,small_radius,strong_ridge}_v001.json (6 configs)",forecasting probe runner,KSE u_series.npy / latent export,"the same 6 contrasting reservoir regimes as full64, in latent-8 space",validation relative_l2_horizon_time,Probe feasible regions before committing search budget. Configuration differences indicate each probe isolates one structural regime.,Available evidence suggests the probes bounded the search space; per-probe outcomes are not retained on disk.,Probes cannot resolve continuous interactions.,A grid then an optimizer search were needed.,Fixed the structural choices the later searches held constant.,no (exploratory),"forecasting/configs/rc/probes/latent8_rc_probe_{reservoir1000_conservative,reservoir1000_regularized,slow_leak_washout200,small_input,small_radius,strong_ridge}_v001.json (6 configs)",medium,internal_provenance_only
rc_latent8,forecasting,3,Grid search v001,grid_search,forecasting/configs/rc/search/grid/latent8_rc_grid_search_v001.json (+ latent8_rc_legacy_focus_search_v001.json),forecasting/scripts/grid_search_rc.py,package latent export z_train/z_valid/z_test,coarse grid (ranges in config),validation relative_l2_horizon_time,Coarse region finding before the optimizer.,Region-finding only. Grid output directories no longer exist on disk (cleanup Wave 1); evidenced by config.,The exact best grid point is unknown from available evidence.,An optimizer search over continuous parameters was the next step.,Bounded the optimizer search; not selection evidence.,no (exploratory),forecasting/configs/rc/search/grid/latent8_rc_grid_search_v001.json (+ latent8_rc_legacy_focus_search_v001.json),medium,internal_provenance_only
rc_latent8,forecasting,4,Optimizer search v001 -> selected v001,optimizer_search,rc_latent8_optimizer_search_v001 -> selected v001,forecasting/scripts/optimizer_search_rc.py,package latent export z_train/z_valid/z_test,continuous space; multiple optimizer families (dummy/forest/gbrt/gp),"validation relative_l2_horizon_time (maximize), single seed per trial",First continuous validation-only selection.,Produced a v001 selected config. SUPERSEDED.,"Every optimizer trial trains with a DIFFERENT seed (optimizer_search_*.py assigns a different seed to every trial), so the search maximizes over (hyperparameters x seed) JOINTLY - hyperparameter quality and seed luck are inseparable.",A further search iteration was run before the defect was diagnosed.,Superseded; part of the chain that produced the published-but-inflated numbers.,no - SUPERSEDED,forecasting/configs/rc/selected/,medium,internal_provenance_only
rc_latent8,forecasting,5,Optimizer search v002/v003 -> published selected,optimizer_search,rc_latent8_optimizer_search_v002 -> selected v002 (valid 42.4),forecasting/scripts/optimizer_search_rc.py,package latent export z_train/z_valid/z_test,refined continuous space,"validation relative_l2_horizon_time (maximize), single seed per trial",Refine the promising region and lock a selected config.,Produced the PUBLISHED config: valid_h 42.4 / test_h 14.7. Search directory rc_latent8_optimizer_search_v002 survives on disk and backs this model's 3 optimizer figures.,"The published valid_h 42.4 lies ABOVE THE ENTIRE RANGE of fresh seeds - its seed was the winning trial's seed, i.e. selected for being lucky. This is winner's curse, not a better model.",A validation-only seed-robust rerank was required before any number could be defended.,SUPERSEDED by v003_seedrobust. Its 42.4 is the dashed reference line in the seed-robustness figure.,no - SUPERSEDED,forecasting/configs/rc/selected/latent8_rc_selected_v002.json,high,thesis_facing
rc_latent8,forecasting,6,Seed-robust rerank (15 seeds x 10 candidates),seed_rerank,experiments/final_stochastic_seed_robust_repair_v001/ (750 runs total across 5 models),seed-robust repair pipeline,package latent export z_train/z_valid/z_test,top-10 candidates from rc_latent8_optimizer_search_v002 x 15 fresh seeds (9403101-9403115) = 150 validation runs for this model,"median valid_relative_l2_horizon_time over 15 seeds, then mean, then min, then median valid_relative_l2_mean, then smaller candidate rank; validation only",Re-rank the top candidates by a seed-ROBUST statistic so hyperparameter quality is separated from seed luck.,"Winner = candidate c02 (forest-sourced): median 20.0, min 13.8, max 26.1 over 15 seeds. Not one published candidate survived reranking across the five models.",The luckiest seed would have reported 26.1 - reporting it would have been noise. The spread is large relative to differences between candidates.,"The winner then needed a representative (median) seed locked, and one authorized test evaluation.",Selects candidate c02 - IS the final selection decision for this model.,YES - source of the final result,experiments/final_stochastic_seed_robust_repair_v001/FINAL_STOCHASTIC_FORECASTING_SEED_ROBUST_REPAIR_REPORT.md,high,thesis_facing
rc_latent8,forecasting,7,Selected v003_seedrobust,selected_evaluation,forecasting/configs/rc/selected/latent8_rc_selected_v003_seedrobust.json,forecasting/scripts/run_rc.py,package latent export z_train/z_valid/z_test,n/a (locked config),validation median for selection; test evaluated exactly once after locking (test_used_for_selection: false),Lock the median-representative seed and report test once.,random_seed 9403102 - the rerank seed whose validation horizon is CLOSEST TO THE 15-SEED MEDIAN (abs difference from median 0.0). Final: valid 20.0 / test 16.6.,"Deliberately NOT the best-performing seed (luckiest = 26.1). The locked model must be typical of the seed distribution, not a lucky tail draw.",n/a - final.,IS the final selected config.,yes,forecasting/configs/rc/selected/,high,thesis_facing
rc_latent8,forecasting,8,Seed-robustness figure (Stage 7B),plotting,final_thesis_package_v001/plots/comparison/seed_robustness/rc_latent8/seed_robust_candidate_boxplots.png,final_thesis_package_v001/scripts/plot_seed_robust_per_model.py,"final_thesis_package_v001/results/02_forecasting/provenance/seed_robust/*.csv (staged, checksum-verified)",10 candidates x 15 seeds,n/a (rendering only),Make the selection correction legible per model.,"Boxplot of 10 candidates x 15 seeds; green = winner c02, dashed line = published 42.4.","y-axis is validation horizon in PHYSICAL simulation time - unlike the per-model forecasting figures, which are in Lyapunov time.",n/a - terminal step.,The appendix evidence for this model's selection.,yes,final_thesis_package_v001/results/02_forecasting/provenance/seed_robust/ (seed-robust provenance CSVs),high,appendix
rc_latent8,forecasting,9,Package reproduction (Stage 4),package_reproduction,final_thesis_package_v001/configs/02_forecasting/rc_latent8.json,forecasting/scripts/run_rc.py,final_thesis_package_v001/results/00_simulation/u_series.npy + package latent export,n/a (single locked config),validation/test relative_l2_horizon_time vs canonical,Re-execute the locked selected config inside the package against package-local data.,"Reproduced canonical to the decimal on the conda torch interpreter forced to CPU (Q-31, CUDA_VISIBLE_DEVICES=''). Registry unchanged.",none identified at this step,n/a - accepted final form.,IS the package result: results/02_forecasting/rc/selected/rc_latent8_selected_v003_seedrobust,yes,final_thesis_package_v001/manifests/stage4_forecasting_group_ab_sha256_manifest.csv,high,thesis_facing
rc_latent8,forecasting,10,Figures (Stage 6),plotting,final_thesis_package_v001/plots/02_forecasting/per_model/rc_latent8/ (4 PNGs),forecasting/scripts/plot_forecasting_visuals.py,the package result dir (read-only),n/a,n/a,Generate the per-model forecasting figures from the accepted package results.,"4 PNGs: {validation,test}_{relative_l2_horizon,spatiotemporal_comparison}. Lyapunov time axes (use_lyapunov=true, lambda_max=0.043).","Figure time axes are in Lyapunov units, so horizon markers do NOT equal the physical-time tables (Q-5).",n/a - terminal step.,Supplies this model's thesis-facing figures.,yes,final_thesis_package_v001/manifests/package_plot_index.csv,high,thesis_facing
perc_full64,forecasting,1,Smoke test,smoke,forecasting/configs/perc/smoke/full64_perc_smoke_v001.json,forecasting runner (data_mode dispatch),KSE u_series.npy,"minimal execution, not a search",runner completes; data path resolves; outputs written,"Check the runner, config schema and data path execute end-to-end before spending compute.",Pipeline executes for this model/data_mode. Available evidence suggests no scientific claim was drawn from this stage.,A smoke run says nothing about model quality.,A parameter feasibility probe was needed before any search.,Infrastructure only; no bearing on the final numbers.,no (infrastructure),forecasting/configs/perc/smoke/full64_perc_smoke_v001.json,medium,internal_provenance_only
perc_full64,forecasting,2,Probes,probe,forecasting/configs/perc/probes/full64_perc_probe_v001.json (1 config),forecasting probe runner,KSE u_series.npy,a single PERC feasibility probe (physics-enforced reservoir),validation relative_l2_horizon_time,Probe feasible regions before committing search budget. Configuration differences indicate each probe isolates one structural regime.,Available evidence suggests the probes bounded the search space; per-probe outcomes are not retained on disk.,Probes cannot resolve continuous interactions.,A grid then an optimizer search were needed.,Fixed the structural choices the later searches held constant.,no (exploratory),forecasting/configs/perc/probes/full64_perc_probe_v001.json (1 config),medium,internal_provenance_only
perc_full64,forecasting,3,Grid search v001,grid_search,forecasting/configs/perc/search/grid/full64_perc_grid_search_v001.json,forecasting/scripts/grid_search_perc.py,KSE u_series.npy,coarse grid (ranges in config),validation relative_l2_horizon_time,Coarse region finding before the optimizer.,Region-finding only. Grid output directories no longer exist on disk (cleanup Wave 1); evidenced by config.,The exact best grid point is unknown from available evidence.,An optimizer search over continuous parameters was the next step.,Bounded the optimizer search; not selection evidence.,no (exploratory),forecasting/configs/perc/search/grid/full64_perc_grid_search_v001.json,medium,internal_provenance_only
perc_full64,forecasting,4,Optimizer search v001 -> selected v001,optimizer_search,perc_full64_optimizer_search_v001,forecasting/scripts/optimizer_search_perc.py,KSE u_series.npy,continuous space; multiple optimizer families (dummy/forest/gbrt/gp),"validation relative_l2_horizon_time (maximize), single seed per trial",First continuous validation-only selection.,Produced a v001 selected config. SUPERSEDED.,"Every optimizer trial trains with a DIFFERENT seed (optimizer_search_*.py assigns a different seed to every trial), so the search maximizes over (hyperparameters x seed) JOINTLY - hyperparameter quality and seed luck are inseparable.",A further search iteration was run before the defect was diagnosed.,Superseded; part of the chain that produced the published-but-inflated numbers.,no - SUPERSEDED,forecasting/configs/perc/selected/,medium,internal_provenance_only
perc_full64,forecasting,5,Optimizer search v002/v003 -> published selected,optimizer_search,perc_full64_optimizer_search_v002 -> selected v001 (forest trial 108); then optimizer_search_v003 -> selected v002,forecasting/scripts/optimizer_search_perc.py,KSE u_series.npy,refined continuous space,"validation relative_l2_horizon_time (maximize), single seed per trial",Refine the promising region and lock a selected config.,Produced the PUBLISHED config: valid_h 45.3 / test_h 16.3. Search directory perc_full64_optimizer_search_v003 survives on disk and backs this model's 3 optimizer figures.,"The published valid_h 45.3 lies ABOVE THE ENTIRE RANGE of fresh seeds - its seed was the winning trial's seed, i.e. selected for being lucky. This is winner's curse, not a better model.",A validation-only seed-robust rerank was required before any number could be defended.,SUPERSEDED by v003_seedrobust. Its 45.3 is the dashed reference line in the seed-robustness figure.,no - SUPERSEDED,forecasting/configs/perc/selected/full64_perc_selected_v002.json,high,thesis_facing
perc_full64,forecasting,6,Seed-robust rerank (15 seeds x 10 candidates),seed_rerank,experiments/final_stochastic_seed_robust_repair_v001/ (750 runs total across 5 models),seed-robust repair pipeline,KSE u_series.npy,top-10 candidates from perc_full64_optimizer_search_v003 x 15 fresh seeds (9403101-9403115) = 150 validation runs for this model,"median valid_relative_l2_horizon_time over 15 seeds, then mean, then min, then median valid_relative_l2_mean, then smaller candidate rank; validation only",Re-rank the top candidates by a seed-ROBUST statistic so hyperparameter quality is separated from seed luck.,"Winner = candidate c07 (forest-sourced): median 25.6, min 23.6, max 64.3 over 15 seeds. Not one published candidate survived reranking across the five models.",The luckiest seed would have reported 64.3 - reporting it would have been noise. The spread is large relative to differences between candidates.,"The winner then needed a representative (median) seed locked, and one authorized test evaluation.",Selects candidate c07 - IS the final selection decision for this model.,YES - source of the final result,experiments/final_stochastic_seed_robust_repair_v001/FINAL_STOCHASTIC_FORECASTING_SEED_ROBUST_REPAIR_REPORT.md,high,thesis_facing
perc_full64,forecasting,7,Selected v003_seedrobust,selected_evaluation,forecasting/configs/perc/selected/full64_perc_selected_v003_seedrobust.json,forecasting/scripts/run_perc.py,KSE u_series.npy,n/a (locked config),validation median for selection; test evaluated exactly once after locking (test_used_for_selection: false),Lock the median-representative seed and report test once.,random_seed 9403103 - the rerank seed whose validation horizon is CLOSEST TO THE 15-SEED MEDIAN (abs difference from median 0.0). Final: valid 25.6 / test 39.3.,"Deliberately NOT the best-performing seed (luckiest = 64.3). The locked model must be typical of the seed distribution, not a lucky tail draw.",n/a - final.,IS the final selected config.,yes,forecasting/configs/perc/selected/,high,thesis_facing
perc_full64,forecasting,8,Seed-robustness figure (Stage 7B),plotting,final_thesis_package_v001/plots/comparison/seed_robustness/perc_full64/seed_robust_candidate_boxplots.png,final_thesis_package_v001/scripts/plot_seed_robust_per_model.py,"final_thesis_package_v001/results/02_forecasting/provenance/seed_robust/*.csv (staged, checksum-verified)",10 candidates x 15 seeds,n/a (rendering only),Make the selection correction legible per model.,"Boxplot of 10 candidates x 15 seeds; green = winner c07, dashed line = published 45.3.","y-axis is validation horizon in PHYSICAL simulation time - unlike the per-model forecasting figures, which are in Lyapunov time.",n/a - terminal step.,The appendix evidence for this model's selection.,yes,final_thesis_package_v001/results/02_forecasting/provenance/seed_robust/ (seed-robust provenance CSVs),high,appendix
perc_full64,forecasting,9,Package reproduction (Stage 4),package_reproduction,final_thesis_package_v001/configs/02_forecasting/perc_full64.json,forecasting/scripts/run_perc.py,final_thesis_package_v001/results/00_simulation/u_series.npy,n/a (single locked config),validation/test relative_l2_horizon_time vs canonical,Re-execute the locked selected config inside the package against package-local data.,"Reproduced canonical to the decimal on the conda torch interpreter forced to CPU (Q-31, CUDA_VISIBLE_DEVICES=''). Registry unchanged.",none identified at this step,n/a - accepted final form.,IS the package result: results/02_forecasting/perc/selected/perc_full64_selected_v003_seedrobust,yes,final_thesis_package_v001/manifests/stage4_forecasting_group_ab_sha256_manifest.csv,high,thesis_facing
perc_full64,forecasting,10,Figures (Stage 6),plotting,final_thesis_package_v001/plots/02_forecasting/per_model/perc_full64/ (4 PNGs),forecasting/scripts/plot_forecasting_visuals.py,the package result dir (read-only),n/a,n/a,Generate the per-model forecasting figures from the accepted package results.,"4 PNGs: {validation,test}_{relative_l2_horizon,spatiotemporal_comparison}. Lyapunov time axes (use_lyapunov=true, lambda_max=0.043).","Figure time axes are in Lyapunov units, so horizon markers do NOT equal the physical-time tables (Q-5).",n/a - terminal step.,Supplies this model's thesis-facing figures.,yes,final_thesis_package_v001/manifests/package_plot_index.csv,high,thesis_facing
perc_latent8,forecasting,1,Smoke test,smoke,forecasting/configs/perc/smoke/latent8_perc_smoke_v001.json,forecasting runner (data_mode dispatch),KSE u_series.npy / latent export,"minimal execution, not a search",runner completes; data path resolves; outputs written,"Check the runner, config schema and data path execute end-to-end before spending compute.",Pipeline executes for this model/data_mode. Available evidence suggests no scientific claim was drawn from this stage.,A smoke run says nothing about model quality.,A parameter feasibility probe was needed before any search.,Infrastructure only; no bearing on the final numbers.,no (infrastructure),forecasting/configs/perc/smoke/latent8_perc_smoke_v001.json,medium,internal_provenance_only
perc_latent8,forecasting,2,Probes,probe,forecasting/configs/perc/probes/latent8_perc_probe_v001.json (1 config),forecasting probe runner,KSE u_series.npy / latent export,a single PERC latent-8 feasibility probe,validation relative_l2_horizon_time,Probe feasible regions before committing search budget. Configuration differences indicate each probe isolates one structural regime.,Available evidence suggests the probes bounded the search space; per-probe outcomes are not retained on disk.,Probes cannot resolve continuous interactions.,A grid then an optimizer search were needed.,Fixed the structural choices the later searches held constant.,no (exploratory),forecasting/configs/perc/probes/latent8_perc_probe_v001.json (1 config),medium,internal_provenance_only
perc_latent8,forecasting,3,Grid search v001,grid_search,forecasting/configs/perc/search/grid/latent8_perc_grid_search_v001.json,forecasting/scripts/grid_search_perc.py,package latent export z_train/z_valid/z_test,coarse grid (ranges in config),validation relative_l2_horizon_time,Coarse region finding before the optimizer.,Region-finding only. Grid output directories no longer exist on disk (cleanup Wave 1); evidenced by config.,The exact best grid point is unknown from available evidence.,An optimizer search over continuous parameters was the next step.,Bounded the optimizer search; not selection evidence.,no (exploratory),forecasting/configs/perc/search/grid/latent8_perc_grid_search_v001.json,medium,internal_provenance_only
perc_latent8,forecasting,4,Optimizer search v001 -> selected v001,optimizer_search,perc_latent8_optimizer_search_v001 -> selected v001 (valid 22.1),forecasting/scripts/optimizer_search_perc.py,package latent export z_train/z_valid/z_test,continuous space; multiple optimizer families (dummy/forest/gbrt/gp),"validation relative_l2_horizon_time (maximize), single seed per trial",First continuous validation-only selection.,Produced a v001 selected config. SUPERSEDED.,"Every optimizer trial trains with a DIFFERENT seed (optimizer_search_*.py assigns a different seed to every trial), so the search maximizes over (hyperparameters x seed) JOINTLY - hyperparameter quality and seed luck are inseparable.",A further search iteration was run before the defect was diagnosed.,Superseded; part of the chain that produced the published-but-inflated numbers.,no - SUPERSEDED,forecasting/configs/perc/selected/,medium,internal_provenance_only
perc_latent8,forecasting,5,Optimizer search v002/v003 -> published selected,optimizer_search,perc_latent8_optimizer_search_v002,forecasting/scripts/optimizer_search_perc.py,package latent export z_train/z_valid/z_test,refined continuous space,"validation relative_l2_horizon_time (maximize), single seed per trial",Refine the promising region and lock a selected config.,Produced the PUBLISHED config: valid_h 22.1 / test_h 2.7. Search directory perc_latent8_optimizer_search_v002 survives on disk and backs this model's 3 optimizer figures.,"The published valid_h 22.1 lies ABOVE THE ENTIRE RANGE of fresh seeds - its seed was the winning trial's seed, i.e. selected for being lucky. This is winner's curse, not a better model.",A validation-only seed-robust rerank was required before any number could be defended.,SUPERSEDED by v002_seedrobust. Its 22.1 is the dashed reference line in the seed-robustness figure.,no - SUPERSEDED,forecasting/configs/perc/selected/latent8_perc_selected_v001.json,high,thesis_facing
perc_latent8,forecasting,6,Seed-robust rerank (15 seeds x 10 candidates),seed_rerank,experiments/final_stochastic_seed_robust_repair_v001/ (750 runs total across 5 models),seed-robust repair pipeline,package latent export z_train/z_valid/z_test,top-10 candidates from perc_latent8_optimizer_search_v002 x 15 fresh seeds (9403101-9403115) = 150 validation runs for this model,"median valid_relative_l2_horizon_time over 15 seeds, then mean, then min, then median valid_relative_l2_mean, then smaller candidate rank; validation only",Re-rank the top candidates by a seed-ROBUST statistic so hyperparameter quality is separated from seed luck.,"Winner = candidate c06 (gp-sourced): median 16.2, min 6.8, max 20.6 over 15 seeds. Not one published candidate survived reranking across the five models.",The luckiest seed would have reported 20.6 - reporting it would have been noise. The spread is large relative to differences between candidates.,"The winner then needed a representative (median) seed locked, and one authorized test evaluation.",Selects candidate c06 - IS the final selection decision for this model.,YES - source of the final result,experiments/final_stochastic_seed_robust_repair_v001/FINAL_STOCHASTIC_FORECASTING_SEED_ROBUST_REPAIR_REPORT.md,high,thesis_facing
perc_latent8,forecasting,7,Selected v002_seedrobust,selected_evaluation,forecasting/configs/perc/selected/latent8_perc_selected_v002_seedrobust.json,forecasting/scripts/run_perc.py,package latent export z_train/z_valid/z_test,n/a (locked config),validation median for selection; test evaluated exactly once after locking (test_used_for_selection: false),Lock the median-representative seed and report test once.,random_seed 9403113 - the rerank seed whose validation horizon is CLOSEST TO THE 15-SEED MEDIAN (abs difference from median 0.0). Final: valid 16.2 / test 3.8.,"Deliberately NOT the best-performing seed (luckiest = 20.6). The locked model must be typical of the seed distribution, not a lucky tail draw.",n/a - final.,IS the final selected config.,yes,forecasting/configs/perc/selected/,high,thesis_facing
perc_latent8,forecasting,8,Seed-robustness figure (Stage 7B),plotting,final_thesis_package_v001/plots/comparison/seed_robustness/perc_latent8/seed_robust_candidate_boxplots.png,final_thesis_package_v001/scripts/plot_seed_robust_per_model.py,"final_thesis_package_v001/results/02_forecasting/provenance/seed_robust/*.csv (staged, checksum-verified)",10 candidates x 15 seeds,n/a (rendering only),Make the selection correction legible per model.,"Boxplot of 10 candidates x 15 seeds; green = winner c06, dashed line = published 22.1.","y-axis is validation horizon in PHYSICAL simulation time - unlike the per-model forecasting figures, which are in Lyapunov time.",n/a - terminal step.,The appendix evidence for this model's selection.,yes,final_thesis_package_v001/results/02_forecasting/provenance/seed_robust/ (seed-robust provenance CSVs),high,appendix
perc_latent8,forecasting,9,Package reproduction (Stage 4),package_reproduction,final_thesis_package_v001/configs/02_forecasting/perc_latent8.json,forecasting/scripts/run_perc.py,final_thesis_package_v001/results/00_simulation/u_series.npy + package latent export,n/a (single locked config),validation/test relative_l2_horizon_time vs canonical,Re-execute the locked selected config inside the package against package-local data.,"Reproduced canonical to the decimal on the conda torch interpreter forced to CPU (Q-31, CUDA_VISIBLE_DEVICES=''). Registry unchanged.",none identified at this step,n/a - accepted final form.,IS the package result: results/02_forecasting/perc/selected/perc_latent8_selected_v002_seedrobust,yes,final_thesis_package_v001/manifests/stage4_forecasting_group_ab_sha256_manifest.csv,high,thesis_facing
perc_latent8,forecasting,10,Figures (Stage 6),plotting,final_thesis_package_v001/plots/02_forecasting/per_model/perc_latent8/ (4 PNGs),forecasting/scripts/plot_forecasting_visuals.py,the package result dir (read-only),n/a,n/a,Generate the per-model forecasting figures from the accepted package results.,"4 PNGs: {validation,test}_{relative_l2_horizon,spatiotemporal_comparison}. Lyapunov time axes (use_lyapunov=true, lambda_max=0.043).","Figure time axes are in Lyapunov units, so horizon markers do NOT equal the physical-time tables (Q-5).",n/a - terminal step.,Supplies this model's thesis-facing figures.,yes,final_thesis_package_v001/manifests/package_plot_index.csv,high,thesis_facing
pinn_latent8,forecasting,1,Smoke test,smoke,forecasting/configs/pinn/smoke/latent8_pinn_smoke_v001.json,forecasting runner (data_mode dispatch),KSE u_series.npy / latent export,"minimal execution, not a search",runner completes; data path resolves; outputs written,"Check the runner, config schema and data path execute end-to-end before spending compute.",Pipeline executes for this model/data_mode. Available evidence suggests no scientific claim was drawn from this stage.,A smoke run says nothing about model quality.,A parameter feasibility probe was needed before any search.,Infrastructure only; no bearing on the final numbers.,no (infrastructure),forecasting/configs/pinn/smoke/latent8_pinn_smoke_v001.json,medium,internal_provenance_only
pinn_latent8,forecasting,2,Probes,probe,forecasting/configs/pinn/probes/latent8_pinn_behavior_probe_v001.json (1 config),forecasting probe runner,KSE u_series.npy / latent export,a single PINN latent-8 behaviour probe,validation relative_l2_horizon_time,Probe feasible regions before committing search budget. Configuration differences indicate each probe isolates one structural regime.,Available evidence suggests the probes bounded the search space; per-probe outcomes are not retained on disk.,Probes cannot resolve continuous interactions.,A grid then an optimizer search were needed.,Fixed the structural choices the later searches held constant.,no (exploratory),forecasting/configs/pinn/probes/latent8_pinn_behavior_probe_v001.json (1 config),medium,internal_provenance_only
pinn_latent8,forecasting,3,Grid search v001,grid_search,forecasting/configs/pinn/search/grid/latent8_pinn_focused_grid_v001.json,forecasting/scripts/grid_search_pinn.py,package latent export z_train/z_valid/z_test,coarse grid (ranges in config),validation relative_l2_horizon_time,Coarse region finding before the optimizer.,Region-finding only. Grid output directories no longer exist on disk (cleanup Wave 1); evidenced by config.,The exact best grid point is unknown from available evidence.,An optimizer search over continuous parameters was the next step.,Bounded the optimizer search; not selection evidence.,no (exploratory),forecasting/configs/pinn/search/grid/latent8_pinn_focused_grid_v001.json,medium,internal_provenance_only
pinn_latent8,forecasting,4,Optimizer search v001 -> selected v001,optimizer_search,pinn_latent8_optimizer_search_v001 -> selected v001 (valid 26.7),forecasting/scripts/optimizer_search_pinn.py,package latent export z_train/z_valid/z_test,continuous space; multiple optimizer families (dummy/forest/gbrt/gp),"validation relative_l2_horizon_time (maximize), single seed per trial",First continuous validation-only selection.,Produced a v001 selected config. SUPERSEDED.,"Every optimizer trial trains with a DIFFERENT seed (optimizer_search_*.py assigns a different seed to every trial), so the search maximizes over (hyperparameters x seed) JOINTLY - hyperparameter quality and seed luck are inseparable.",A further search iteration was run before the defect was diagnosed.,Superseded; part of the chain that produced the published-but-inflated numbers.,no - SUPERSEDED,forecasting/configs/pinn/selected/,medium,internal_provenance_only
pinn_latent8,forecasting,5,Optimizer search v002/v003 -> published selected,optimizer_search,(no latent8 v002 optimizer search),forecasting/scripts/optimizer_search_pinn.py,package latent export z_train/z_valid/z_test,refined continuous space,"validation relative_l2_horizon_time (maximize), single seed per trial",Refine the promising region and lock a selected config.,Produced the PUBLISHED config: valid_h 26.7 / test_h 6.9. Search directory pinn_latent8_optimizer_search_v001 survives on disk and backs this model's 3 optimizer figures.,"The published valid_h 26.7 lies ABOVE THE ENTIRE RANGE of fresh seeds - its seed was the winning trial's seed, i.e. selected for being lucky. This is winner's curse, not a better model.",A validation-only seed-robust rerank was required before any number could be defended.,SUPERSEDED by v002_seedrobust. Its 26.7 is the dashed reference line in the seed-robustness figure.,no - SUPERSEDED,forecasting/configs/pinn/selected/latent8_pinn_selected_v001.json,high,thesis_facing
pinn_latent8,forecasting,6,Seed-robust rerank (15 seeds x 10 candidates),seed_rerank,experiments/final_stochastic_seed_robust_repair_v001/ (750 runs total across 5 models),seed-robust repair pipeline,package latent export z_train/z_valid/z_test,top-10 candidates from pinn_latent8_optimizer_search_v001 x 15 fresh seeds (9403101-9403115) = 150 validation runs for this model,"median valid_relative_l2_horizon_time over 15 seeds, then mean, then min, then median valid_relative_l2_mean, then smaller candidate rank; validation only",Re-rank the top candidates by a seed-ROBUST statistic so hyperparameter quality is separated from seed luck.,"Winner = candidate c02 (gbrt-sourced): median 10.4, min 7.6, max 20.5 over 15 seeds. Not one published candidate survived reranking across the five models.",The luckiest seed would have reported 20.5 - reporting it would have been noise. The spread is large relative to differences between candidates.,"The winner then needed a representative (median) seed locked, and one authorized test evaluation.",Selects candidate c02 - IS the final selection decision for this model.,YES - source of the final result,experiments/final_stochastic_seed_robust_repair_v001/FINAL_STOCHASTIC_FORECASTING_SEED_ROBUST_REPAIR_REPORT.md,high,thesis_facing
pinn_latent8,forecasting,7,Selected v002_seedrobust,selected_evaluation,forecasting/configs/pinn/selected/latent8_pinn_selected_v002_seedrobust.json,forecasting/scripts/run_pinn.py,package latent export z_train/z_valid/z_test,n/a (locked config),validation median for selection; test evaluated exactly once after locking (test_used_for_selection: false),Lock the median-representative seed and report test once.,random_seed 9403108 - the rerank seed whose validation horizon is CLOSEST TO THE 15-SEED MEDIAN (abs difference from median 0.0). Final: valid 10.4 / test 8.4.,"Deliberately NOT the best-performing seed (luckiest = 20.5). The locked model must be typical of the seed distribution, not a lucky tail draw.",n/a - final.,IS the final selected config.,yes,forecasting/configs/pinn/selected/,high,thesis_facing
pinn_latent8,forecasting,8,Seed-robustness figure (Stage 7B),plotting,final_thesis_package_v001/plots/comparison/seed_robustness/pinn_latent8/seed_robust_candidate_boxplots.png,final_thesis_package_v001/scripts/plot_seed_robust_per_model.py,"final_thesis_package_v001/results/02_forecasting/provenance/seed_robust/*.csv (staged, checksum-verified)",10 candidates x 15 seeds,n/a (rendering only),Make the selection correction legible per model.,"Boxplot of 10 candidates x 15 seeds; green = winner c02, dashed line = published 26.7.","y-axis is validation horizon in PHYSICAL simulation time - unlike the per-model forecasting figures, which are in Lyapunov time.",n/a - terminal step.,The appendix evidence for this model's selection.,yes,final_thesis_package_v001/results/02_forecasting/provenance/seed_robust/ (seed-robust provenance CSVs),high,appendix
pinn_latent8,forecasting,9,Package reproduction (Stage 4),package_reproduction,final_thesis_package_v001/configs/02_forecasting/pinn_latent8.json,forecasting/scripts/run_pinn.py,final_thesis_package_v001/results/00_simulation/u_series.npy + package latent export,n/a (single locked config),validation/test relative_l2_horizon_time vs canonical,Re-execute the locked selected config inside the package against package-local data.,"Reproduced canonical to the decimal on the conda torch interpreter forced to CPU (Q-31, CUDA_VISIBLE_DEVICES=''). Registry unchanged.",none identified at this step,n/a - accepted final form.,IS the package result: results/02_forecasting/pinn/selected/pinn_latent8_selected_v002_seedrobust,yes,final_thesis_package_v001/manifests/stage4_forecasting_group_c_pinn_sha256_manifest.csv,high,thesis_facing
pinn_latent8,forecasting,10,Figures (Stage 6),plotting,final_thesis_package_v001/plots/02_forecasting/per_model/pinn_latent8/ (4 PNGs),forecasting/scripts/plot_forecasting_visuals.py,the package result dir (read-only),n/a,n/a,Generate the per-model forecasting figures from the accepted package results.,"4 PNGs: {validation,test}_{relative_l2_horizon,spatiotemporal_comparison}. Lyapunov time axes (use_lyapunov=true, lambda_max=0.043).","Figure time axes are in Lyapunov units, so horizon markers do NOT equal the physical-time tables (Q-5).",n/a - terminal step.,Supplies this model's thesis-facing figures.,yes,final_thesis_package_v001/manifests/package_plot_index.csv,high,thesis_facing
pinn_full64,forecasting,1,Smoke test,smoke,forecasting/configs/pinn/smoke/full64_pinn_smoke_v001.json,forecasting runner (data_mode dispatch),KSE u_series.npy,"minimal execution, not a search",runner completes; data path resolves; outputs written,"Check the runner, config schema and data path execute end-to-end before spending compute.",Pipeline executes for this model/data_mode. Available evidence suggests no scientific claim was drawn from this stage.,A smoke run says nothing about model quality.,A parameter feasibility probe was needed before any search.,Infrastructure only; no bearing on the final numbers.,no (infrastructure),forecasting/configs/pinn/smoke/full64_pinn_smoke_v001.json,medium,internal_provenance_only
pinn_full64,forecasting,2,Probes,probe,"forecasting/configs/pinn/probes/full64_pinn_{sanity_probe_v001,grid_probe_v001,training_probe_v002}.json (3 configs)",forecasting probe runner,KSE u_series.npy,"a sanity probe, a grid probe, and a v002 training probe",validation relative_l2_horizon_time,"Check PINN executes, then probe training behaviour before committing GPU/CPU budget.","Configuration differences indicate a staged escalation (sanity -> grid -> training). A training_probe_v002 exists, indicating the probe stage itself was revised; the reason is unknown from available evidence.",Probes cannot resolve the hyperparameter interactions.,A grid then a 320-trial optimizer search followed.,Fixed the structural choices the later searches held constant.,no (exploratory),"forecasting/configs/pinn/probes/full64_pinn_{sanity_probe_v001,grid_probe_v001,training_probe_v002}.json (3 configs)",medium,internal_provenance_only
pinn_full64,forecasting,3,Grid search v001,grid_search,pinn_full64_grid_search_v001,forecasting/scripts/grid_search_pinn.py,KSE u_series.npy,grid over PINN architecture/training parameters,validation relative_l2_horizon_time,Coarse region finding for PINN full64.,grid_best_validation_horizon 22.8 - recorded explicitly in the v001 selected config's metadata.,Grid resolution insufficient to separate candidates.,A focused optimizer search was run 'after grid search v001' (stated in the v001 selected config's purpose field).,Bounded the optimizer search.,no (exploratory),"forecasting/configs/pinn/selected/full64_pinn_selected_v001.json (metadata.grid_source, grid_best_validation_horizon)",high,internal_provenance_only
pinn_full64,forecasting,4,Optimizer search v001 (320 trials) -> selected v001,optimizer_search,forecasting/configs/pinn/search/optimizer/full64_pinn_optimizer_search_v001.json,forecasting/scripts/optimizer_search_pinn.py,KSE u_series.npy,"four optimizer families (dummy, gp, gbrt, forest) x 80 validation-only trials = 320 total trials",validation relative_l2_horizon_time (maximize); test_used_for_selection: false,Select PINN full64 by a corrected four-family optimizer search.,gp trial 20 won: valid_h 27.7. Locked as selected v001.,"TWO defects, both decisive. (1) 27.7 was reproducible ONLY at an unrecorded OMP_NUM_THREADS=16; the same config under the deterministic profile (OMP=1) gives 8.8. (2) The search assigns a different seed to every trial (optimizer_search_pinn.py:290), so it confounds seed with hyperparameters - the 27.7 winner beats the runner-up by 3.4 in a field where ranks 2-8 span only 1.2, and is the only depth-3 model in the top eight: winner's curse.","The whole search had to be rerun under a deterministic profile, then the top candidates reranked by a seed-robust statistic.",SUPERSEDED. 'Zero of 320 deterministic trials reach 27.7.',no - SUPERSEDED,forecasting/configs/pinn/selected/full64_pinn_selected_v002_deterministic.json (metadata.supersede_reason),high,thesis_facing
pinn_full64,forecasting,5,Stability repair audit,documentation,experiments/pinn_full64_stability_repair_work/PINN_FULL64_STABILITY_REPAIR_AUDIT_REPORT.md,n/a (audit),selected v001 + reprocheck evidence,n/a,exact reproduction at fixed thread count vs deterministic profile,Diagnose whether PINN full64 was irreproducible.,"The initial diagnosis was WRONG. PINN full64 was NEVER irreproducible: a reprocheck reran the selected config and matched all four validation metrics to the last float (difference 0.0) at OMP=16. What the deterministic profile exposed is THREAD-DEPENDENCE, and underneath it a SELECTION defect.","Thread-dependence plus seed-confounded search. Explicitly identified as 'the same defect as NGRC full64, in a different disguise: the optimizer found a peak in a nuisance parameter. There it was floating-point noise at a near-zero ridge; here it is seed luck.'","Recommendation Option B+: rerun the 320-trial search under the deterministic profile, then re-rank the top candidates by a seed-robust statistic before locking.",Sets the repair design that produced the final config.,no (audit),experiments/pinn_full64_stability_repair_work/PINN_FULL64_STABILITY_REPAIR_AUDIT_REPORT.md,high,thesis_facing
pinn_full64,forecasting,6,Deterministic optimizer search v002 (OMP=1),optimizer_search,"forecasting/configs/pinn/search/optimizer/full64_pinn_optimizer_search_v002_deterministic_{dummy,forest,gbrt,gp}.json (4 configs)",forecasting/scripts/optimizer_search_pinn.py,KSE u_series.npy,"same four families x 80 trials = 320 trials, rerun under the deterministic profile (scripts/repro_env.sh, OMP_NUM_THREADS=1)",validation relative_l2_horizon_time (maximize),"Re-run the whole search with the thread-dependence removed, so trials are comparable.",320 deterministic trials. Zero of them reach the superseded 27.7. All four search directories survive on disk and back this model's 3 optimizer figures.,A deterministic search still ranks (hyperparameters x seed) jointly - determinism removes thread noise but NOT seed confounding.,The top candidates still had to be reranked across fresh seeds.,"SUPERSEDED by the P3 physics-active search. Every trial in this search carried lambda_phy = 0.0, so it could not have selected a physics-active configuration. Its four search directories are retained privately as history; the public optimizer data for this case now holds the P3 physics-active search.",no - SUPERSEDED,forecasting/configs/pinn/selected/full64_pinn_selected_v002_deterministic.json (metadata.selection_source),high,thesis_facing
pinn_full64,forecasting,7,"Seed-robust rerank, staged 5-seed then 15-seed",seed_rerank,experiments/pinn_full64_stability_repair_work/seed_robust_rerank_v002/ then .../seed_robust_rerank_v002_extension10/,rerank pipeline (separate workstream),KSE u_series.npy,"STAGED/ADAPTIVE: 5 candidates x 5 seeds first; c02 excluded on evidence (median 9.9 vs 17.5, gap far outside seed noise); then the top 4 (c01, c03, c04, c05) extended to 15 seeds each = 60 combined validation runs","median valid_relative_l2_horizon_time over 15 seeds, then mean, then min, then median valid_relative_l2_mean, then smaller candidate rank; validation only - seeds 9201101-9201115",Separate hyperparameter quality from seed luck for PINN full64.,"THREE seed budgets produced THREE different winners: 1 seed -> c01; 5 seeds -> c04; 15 seeds -> c05. The 5-seed winner c04 fell to LAST (17.5 -> 13.3); the 5-seed last-place c05 rose to first (13.8 -> 14.7). Winner c05 (dummy trial 49): median 14.7, mean 16.29, min 8.7, max 29.3, std 5.95.","DECISIVE: the top four candidates are statistically INDISTINGUISHABLE. Their medians span 1.4 against within-candidate seed noise of std ~5.3; separating a 1.5-unit gap at 95% confidence would need ~187 seeds per candidate. c05 is the pre-registered rule's answer, NOT a demonstrated optimum.",The rule's answer was locked and reported with its spread rather than as a point claim.,"SUPERSEDED by the P4 uniform 10-candidate x 15-seed grid. This rerank was real and 15-seed, but it re-ranked zero-weight candidates and used a staged 4-candidate shape.",no - SUPERSEDED,experiments/pinn_full64_stability_repair_work/seed_robust_rerank_v002_extension10/PINN_FULL64_SEED_ROBUST_RERANK_EXTENSION10_REPORT.md,high,thesis_facing
pinn_full64,forecasting,8,Selected v002_deterministic,selected_evaluation,forecasting/configs/pinn/selected/full64_pinn_selected_v002_deterministic.json,forecasting/scripts/run_pinn.py,KSE u_series.npy,n/a (locked config),validation median for selection; test evaluated exactly once after locking (test_used_for_selection: false),Lock c05 at its median-representative seed and report test once.,"random_seed 9201101; final valid 14.7 / test 30.0. SUPERSEDED: this configuration was later found to carry lambda_phy = 0.0, meaning the physics residual was never computed and the case was physics-informed in name only.","DECISIVE DEFECT, found after publication: lambda_phy = 0.0. The model was a plain residual network with a physics-informed label. Its 14.7/30.0 numbers are real measurements of that zero-weight model, not of a physics-informed one.",The physics term had to be genuinely activated and the whole selection redone.,SUPERSEDED by selected v003 physics-active.,no - SUPERSEDED,"forecasting/configs/pinn/selected/full64_pinn_selected_v002_deterministic.json (metadata.final_seed_choice, metadata.caveat)",high,thesis_facing
pinn_full64,forecasting,9,Seed-robustness figure gap (Q-36) - RESOLVED,documentation,final_thesis_package_v001/plots/comparison/seed_robustness/pinn_full64/seed_robust_candidate_boxplots.png,n/a,n/a,n/a,n/a,Decide whether pinn_full64 gets a seed-robustness boxplot.,"Originally NO figure: the v002 rerank had a staged 4-candidate shape, not the uniform 10x15 grid the plot-ready table holds, so pinn_full64 was the only stochastic case without its primary selection-evidence figure. RESOLVED at P6: the v002 staged rerank was replaced by the P4 uniform 10-candidate x 15-seed grid, so the plot-ready CSV now exists and the figure is shipped.",The original absence was NOT a missing rerank - v002 had a real one. It was a shape mismatch. Recorded here so the historical gap is not erased.,n/a - resolved.,pinn_full64 now carries the same primary selection-evidence figure as the other five stochastic models: plots/comparison/seed_robustness/pinn_full64/seed_robust_candidate_boxplots.png,yes - figure now shipped,final_thesis_package_v001/results/02_forecasting/provenance/seed_robust/ (seed-robust provenance CSVs),high,thesis_facing
pinn_full64,forecasting,10,P0-P1: physics-inactivity discovery and repair design,documentation,reproduction_runs/PINN64_PHYSICS_ACTIVE_GATE1_EVIDENCE_V001.md,n/a (audit),KSE u_series.npy,n/a,static config audit; loss-term contribution inspection,Establish whether the published PINN-64 actually computed a physics residual.,"Confirmed lambda_phy = 0.0 in the selected v002 config and in all 320 trials of the v002 search. The physics term contributed exactly nothing to the gradient. The defect was in selection, not in the runner: the physics code was correct but was multiplied by zero.","Every downstream v002 number - search, rerank, selection, test - describes a zero-weight model.","A positive physics weight had to be made reachable by the search space, then the entire validation-only selection rerun.",Defines why v003 exists. No v002 number was reused as evidence for v003.,no (audit),reproduction_runs/PINN64_PHYSICS_ACTIVE_GATE1_EVIDENCE_V001.md,high,thesis_facing
pinn_full64,forecasting,11,P2: physics activation and gradient audit,verification,reproduction_runs/PINN64_PHYSICS_ACTIVE_GATE2_EVIDENCE_V001.md,forecasting/scripts/run_pinn.py (instrumented),KSE u_series.npy,n/a,final-20% physics-contribution ratio (>= 1% activity rule); raw and weighted physics-gradient norms; nonfinite-element count,"Prove that a positive lambda_phy produces a real, finite gradient contribution rather than a numerically inert term.","Physics gradient is real and finite: raw norm 3119.1953125, weighted norm 0.0003851171811021172, 0 of 854080 elements nonfinite. Gradient audit PASS.","The weighted contribution is small in absolute terms; the physics term is genuinely active but modest, not dominant.","With activation proven, a physics-active search could be run.",Supplies the activity rule that every later candidate had to satisfy.,no (verification),reproduction_runs/PINN64_PHYSICS_ACTIVE_GATE2_EVIDENCE_V001.md,high,thesis_facing
pinn_full64,forecasting,12,P3: physics-active optimizer search (320 trials),optimizer_search,"forecasting/data/optimizer_search/pinn_full64/{dummy,forest,gbrt,gp}/optimizer_results.csv",forecasting/scripts/optimizer_search_pinn.py,KSE u_series.npy,"four optimizer families (dummy, gp, gbrt, forest) x 80 validation-only trials = 320 completed trials, with a positive lambda_phy dimension",validation relative_l2_horizon_time (maximize); test_used_for_selection: false,Search hyperparameters with the physics term genuinely active.,320 completed trials; 201 reach the >= 1% physics-activity threshold. Search-time single-seed optimum: C1 = GBRT trial 22 at VPH 31.2.,"A single-seed search score confounds hyperparameters with seed luck; the 31.2 is one draw, not a robust estimate.",The top candidates had to be re-ranked across many fresh seeds before locking.,Supplies the 10-candidate pool. The search-time optimum C1 was NOT taken; the final selection came from the seed re-ranking in step 13.,Source of the candidate pool,reproduction_runs/PINN64_PHYSICS_ACTIVE_GATE3_EVIDENCE_V001.md,high,thesis_facing
pinn_full64,forecasting,13,"P4: seed robustness, 10 candidates x 15 seeds",seed_rerank,final_thesis_package_v001/results/02_forecasting/provenance/seed_robust/seed_robust_candidate_distributions.csv,P4 rerank pipeline,KSE u_series.npy,"UNIFORM: 10 locked candidates x 15 seeds (9301101-9301115) = 150 validation runs; 0 scientific failures, 0 infrastructure failures","median valid_relative_l2_horizon_time over 15 seeds, then mean, then min, then median valid_relative_l2_mean; validation only","Separate hyperparameter quality from seed luck, using the same uniform grid shape as the other five stochastic models.","Winner C5 = dummy trial 47: median 19.8, mean 17.293333333333333, min 8.5, max 23.1, std 4.634878125484557; 15/15 seeds activity-eligible. The P4 ranking has Spearman -0.224 against the P3 single-seed ranking - the search-time order did not survive seed repetition.","Within-candidate seed spread is wide (8.5-23.1 for the winner). The median is a robust summary, not a tight estimate.","Before locking, the physics term's own contribution had to be isolated.","IS the final selection decision, and supplies the seed-robustness figure that resolves Q-36.",YES - source of the final selection,reproduction_runs/PINN64_PHYSICS_ACTIVE_GATE4_EVIDENCE_V001.md,high,thesis_facing
pinn_full64,forecasting,14,P4A: paired zero-weight validation ablation,ablation,final_thesis_package_v001/results/02_forecasting/provenance/pinn_full64_physics_ablation/,P4A paired ablation pipeline,KSE u_series.npy,"one configuration (C5) x 15 seeds x 2 arms; only lambda_phy differed (1.2346683760352606e-07 vs 0.0), proven by a paired scientific hash",paired per-seed validation relative_l2_horizon_time,"Measure what the physics term contributes for this exact configuration, holding everything else fixed.","VALIDATION ONLY. Active median 19.8 vs zero-weight 14.8; median paired difference +2.1, mean +2.58; active better on 11 of 15 seeds, zero-weight better on 4, 0 ties. Verdict: ACTIVE ARM DESCRIPTIVELY FAVORED.","Single configuration; the hyperparameters were themselves tuned with physics active, which favours the active arm; 4 of 15 seeds favour zero weight; the zero-weight arm shows marginally better post-threshold boundedness (finite fraction 0.1074 vs 0.0946). Not a significance test. NO active-versus-zero comparison exists on test.",Selection was closed; the configuration was locked for test.,"Supplies the only controlled active-versus-zero evidence in the thesis, and it is validation-only by design.",yes - supporting evidence,reproduction_runs/PINN64_PHYSICS_ACTIVE_GATE4A_ZERO_WEIGHT_ABLATION_EVIDENCE_V001.md,high,thesis_facing
pinn_full64,forecasting,15,"P5: lock, single test evaluation, bitwise reproduction",selected_evaluation,forecasting/configs/pinn/selected/full64_pinn_selected_v003_physics_active.json,forecasting/scripts/run_pinn.py,KSE u_series.npy,n/a (locked config),validation median for selection; test evaluated exactly once after locking (test_used_for_selection: false); independent clean-room reproduction,"Lock C5 at its median-representative seed, evaluate test once, and prove the result reproduces.","Seed 9301114 locked BEFORE test access (abs difference from median 0.0; deliberately not the luckiest seed 9301112 at 23.1). Final: valid 19.8 / test 7.3 (73 steps, first unsafe index 73, mean rel-L2 32.69287872314453, final rel-L2 110.95477294921875, finite fraction 0.12005483744614179). Reproduction verdict REPRODUCED_BITWISE: 23/23 scalars exact, 10/10 artifacts byte-identical.","The test horizon (7.3) is far below the validation median (19.8) and the rollout diverges strongly after threshold crossing. This is reported as found; it did NOT trigger retuning, reseeding or any alternative-candidate evaluation, because doing so after test access would invalidate the validation-only selection.",n/a - final.,IS the final selected result.,yes,reproduction_runs/PINN64_PHYSICS_ACTIVE_GATE5_FINALIZATION_TEST_REPRODUCTION_EVIDENCE_V001.md,high,thesis_facing
pinn_full64,forecasting,16,P6: public package integration and figures,package_integration,final_thesis_package_v001/results/02_forecasting/pinn/selected/pinn_full64_selected_v003_physics_active/,"artifact transfer + forecasting/scripts/plot_forecasting_visuals.py, forecasting/scripts/plot_seed_robustness.py",KSE u_series.npy,n/a,per-file SHA-256 against the locked P5 output; 27-check consistency audit; reproduce_final_thesis.py --validate-existing,Publish the locked v003 result and retire every superseded v002 public surface.,"The 14 result artifacts were TRANSFERRED byte-for-byte from the locked P5 output; 11 are byte-identical and 3 path-bearing JSONs were rewritten to package-relative paths with no scientific field changed. Unlike the v002 entry, the package result was NOT re-executed inside the package - no model was run during P6.","Because the config's data_path is rewritten to the package-relative dataset, the literal scientific-content hash of the public config differs from the private one. The path-invariant hash (excluding data.data_path) matches exactly, and the two dataset files are byte-identical by SHA-256, so the published config describes the same computation on the same data. The same path rewrite applied to the v002 case.",n/a - terminal step for this result.,Supplies the published form of the final result.,yes,reproduction_runs/PINN64_PHYSICS_ACTIVE_GATE6_PUBLIC_INTEGRATION_EVIDENCE_V001.md,high,thesis_facing
