plot_id,relative_path,group,subgroup,model_or_result,plot_type,thesis_role,recommended_use,axis_units,what_it_shows,caption_note,provenance_status,source_stage,pending_decision_flag
sim_kse_spatiotemporal,plots/00_simulation/kse_spatiotemporal_lyapunov.png,simulation,kse_field,kse_simulation,spatiotemporal_field,main_candidate,MAIN TEXT. The reference figure for the dataset every downstream result is defined against.,"x: time t [1/lambda_max] (Lyapunov, lambda_max=0.043); y: space x (physical coordinate 0 <= x < 22, x_j = 22j/64)","The KSE solution field u(x,t) over the full frozen trajectory (~130 Lyapunov times); the chaotic attractor the whole thesis is built on.","Time is shown in Lyapunov units t*lambda_max (lambda_max=0.043); the filename suffix '_lyapunov' is emitted only when use_lyapunov=true. FROZEN dataset (sha256 85bb1902...): the solver was not rerun, because bit-identical regeneration of a chaotic trajectory is not achievable in principle.",frozen_copied,stage_2,no
ae_l8_reconstruction,plots/01_ae_sindy/latent8_trial014_representation/reconstruction.png,ae_sindy,latent8_trial014_representation,ae_sindy_latent8,spatiotemporal_triptych,main_candidate,Evidence that the autoencoder represents the field. MAIN TEXT (the latent-8 representation four of the eight forecasting models consume).,"x: time t [1/lambda_max] (Lyapunov, lambda_max=0.043); y: space x (physical coordinate 0 <= x < 22, x_j = 22j/64)","AE-SINDy latent-8 representation: Truth / autoencoder reconstruction / error as a spatiotemporal triptych, with the encoder valid-time horizon marked.","Time is shown in Lyapunov units t*lambda_max (lambda_max=0.043), the same convention as the forecasting figures. Package-reproduced from scratch on the frozen simulation; reproduced the canonical result exactly (max abs difference 0.0).",package_reproduced,stage_3,no
ae_l8_latent_space_comparison,plots/01_ae_sindy/latent8_trial014_representation/latent_space_comparison.png,ae_sindy,latent8_trial014_representation,ae_sindy_latent8,latent_trajectory,main_candidate,Evidence that the SINDy model captures the latent dynamics. MAIN TEXT (the latent-8 representation four of the eight forecasting models consume).,"x: time t [1/lambda_max] (Lyapunov, lambda_max=0.043); y: latent dimension","AE-SINDy latent-8 representation: The latent trajectory z(t) per latent dimension: encoded truth vs SINDy-simulated, with the SINDy valid-time horizon marked.","Time is shown in Lyapunov units t*lambda_max (lambda_max=0.043), the same convention as the forecasting figures. Package-reproduced from scratch on the frozen simulation; reproduced the canonical result exactly (max abs difference 0.0).",package_reproduced,stage_3,no
ae_l8_rollout_encoder_comparison,plots/01_ae_sindy/latent8_trial014_representation/rollout_encoder_comparison.png,ae_sindy,latent8_trial014_representation,ae_sindy_latent8,spatiotemporal_triptych,main_candidate,Separates representation error from dynamics error. MAIN TEXT (the latent-8 representation four of the eight forecasting models consume).,"x: time t [1/lambda_max] (Lyapunov, lambda_max=0.043); y: space x (physical coordinate 0 <= x < 22, x_j = 22j/64)",AE-SINDy latent-8 representation: Truth / encoder-rollout / error triptych: the field decoded from the encoded latent rollout.,"Time is shown in Lyapunov units t*lambda_max (lambda_max=0.043), the same convention as the forecasting figures. Package-reproduced from scratch on the frozen simulation; reproduced the canonical result exactly (max abs difference 0.0).",package_reproduced,stage_3,no
ae_l8_rollout_sindy_comparison,plots/01_ae_sindy/latent8_trial014_representation/rollout_sindy_comparison.png,ae_sindy,latent8_trial014_representation,ae_sindy_latent8,spatiotemporal_triptych,main_candidate,The end-to-end reduced-order model result. MAIN TEXT (the latent-8 representation four of the eight forecasting models consume).,"x: time t [1/lambda_max] (Lyapunov, lambda_max=0.043); y: space x (physical coordinate 0 <= x < 22, x_j = 22j/64)",AE-SINDy latent-8 representation: Truth / SINDy-rollout / error triptych: the field decoded from the SINDy-simulated latent rollout.,"Time is shown in Lyapunov units t*lambda_max (lambda_max=0.043), the same convention as the forecasting figures. Package-reproduced from scratch on the frozen simulation; reproduced the canonical result exactly (max abs difference 0.0).",package_reproduced,stage_3,no
ae_l8_xi_heatmap,plots/01_ae_sindy/latent8_trial014_representation/xi_heatmap.png,ae_sindy,latent8_trial014_representation,ae_sindy_latent8,coefficient_heatmap,appendix_candidate,APPENDIX. Supports the sparsity/active-terms claim. ,x: latent equation; y: library term in Theta(z); color: coefficient value (no time axis),AE-SINDy latent-8 representation: The sparse SINDy coefficient matrix Xi: which library terms are active in each latent equation.,No time axis. Package-reproduced from scratch on the frozen simulation; reproduced the canonical result exactly (max abs difference 0.0).,package_reproduced,stage_3,no
ae_l8_training_history,plots/01_ae_sindy/latent8_trial014_representation/training_history.png,ae_sindy,latent8_trial014_representation,ae_sindy_latent8,training_diagnostic,diagnostic,DIAGNOSTIC ONLY. Convergence/thresholding evidence; not a result. ,x: validation checkpoint / threshold step; y: validation loss / number of active terms (no time axis),AE-SINDy latent-8 representation: Validation loss per checkpoint and the number of active SINDy terms per thresholding step.,No time axis. Package-reproduced from scratch on the frozen simulation; reproduced the canonical result exactly (max abs difference 0.0).,package_reproduced,stage_3,no
ae_l6_reconstruction,plots/01_ae_sindy/latent6_trial002_dynamics_baseline/reconstruction.png,ae_sindy,latent6_trial002_dynamics_baseline,ae_sindy_latent6,spatiotemporal_triptych,main_candidate,Evidence that the autoencoder represents the field. APPENDIX unless the latent-6 baseline is discussed in the main text (the latent-6 dynamics baseline).,"x: time t [1/lambda_max] (Lyapunov, lambda_max=0.043); y: space x (physical coordinate 0 <= x < 22, x_j = 22j/64)","AE-SINDy latent-6 dynamics baseline: Truth / autoencoder reconstruction / error as a spatiotemporal triptych, with the encoder valid-time horizon marked.","Time is shown in Lyapunov units t*lambda_max (lambda_max=0.043), the same convention as the forecasting figures. Rendered package-locally from a FROZEN checkpoint (retrained: false). A full retrain was attempted and rejected (cross-environment CUDA nondeterminism); the reanalysis reproduced the canonical horizon 8.8 / decoder_error 0.022894755 / active_terms 17 exactly. NOT a from-scratch retrain.",package_generated_from_results,stage_4a,no
ae_l6_latent_space_comparison,plots/01_ae_sindy/latent6_trial002_dynamics_baseline/latent_space_comparison.png,ae_sindy,latent6_trial002_dynamics_baseline,ae_sindy_latent6,latent_trajectory,main_candidate,Evidence that the SINDy model captures the latent dynamics. APPENDIX unless the latent-6 baseline is discussed in the main text (the latent-6 dynamics baseline).,"x: time t [1/lambda_max] (Lyapunov, lambda_max=0.043); y: latent dimension","AE-SINDy latent-6 dynamics baseline: The latent trajectory z(t) per latent dimension: encoded truth vs SINDy-simulated, with the SINDy valid-time horizon marked.","Time is shown in Lyapunov units t*lambda_max (lambda_max=0.043), the same convention as the forecasting figures. Rendered package-locally from a FROZEN checkpoint (retrained: false). A full retrain was attempted and rejected (cross-environment CUDA nondeterminism); the reanalysis reproduced the canonical horizon 8.8 / decoder_error 0.022894755 / active_terms 17 exactly. NOT a from-scratch retrain.",package_generated_from_results,stage_4a,no
ae_l6_rollout_encoder_comparison,plots/01_ae_sindy/latent6_trial002_dynamics_baseline/rollout_encoder_comparison.png,ae_sindy,latent6_trial002_dynamics_baseline,ae_sindy_latent6,spatiotemporal_triptych,main_candidate,Separates representation error from dynamics error. APPENDIX unless the latent-6 baseline is discussed in the main text (the latent-6 dynamics baseline).,"x: time t [1/lambda_max] (Lyapunov, lambda_max=0.043); y: space x (physical coordinate 0 <= x < 22, x_j = 22j/64)",AE-SINDy latent-6 dynamics baseline: Truth / encoder-rollout / error triptych: the field decoded from the encoded latent rollout.,"Time is shown in Lyapunov units t*lambda_max (lambda_max=0.043), the same convention as the forecasting figures. Rendered package-locally from a FROZEN checkpoint (retrained: false). A full retrain was attempted and rejected (cross-environment CUDA nondeterminism); the reanalysis reproduced the canonical horizon 8.8 / decoder_error 0.022894755 / active_terms 17 exactly. NOT a from-scratch retrain.",package_generated_from_results,stage_4a,no
ae_l6_rollout_sindy_comparison,plots/01_ae_sindy/latent6_trial002_dynamics_baseline/rollout_sindy_comparison.png,ae_sindy,latent6_trial002_dynamics_baseline,ae_sindy_latent6,spatiotemporal_triptych,main_candidate,The end-to-end reduced-order model result. APPENDIX unless the latent-6 baseline is discussed in the main text (the latent-6 dynamics baseline).,"x: time t [1/lambda_max] (Lyapunov, lambda_max=0.043); y: space x (physical coordinate 0 <= x < 22, x_j = 22j/64)",AE-SINDy latent-6 dynamics baseline: Truth / SINDy-rollout / error triptych: the field decoded from the SINDy-simulated latent rollout.,"Time is shown in Lyapunov units t*lambda_max (lambda_max=0.043), the same convention as the forecasting figures. Rendered package-locally from a FROZEN checkpoint (retrained: false). A full retrain was attempted and rejected (cross-environment CUDA nondeterminism); the reanalysis reproduced the canonical horizon 8.8 / decoder_error 0.022894755 / active_terms 17 exactly. NOT a from-scratch retrain.",package_generated_from_results,stage_4a,no
ae_l6_xi_heatmap,plots/01_ae_sindy/latent6_trial002_dynamics_baseline/xi_heatmap.png,ae_sindy,latent6_trial002_dynamics_baseline,ae_sindy_latent6,coefficient_heatmap,appendix_candidate,APPENDIX. Supports the sparsity/active-terms claim. ,x: latent equation; y: library term in Theta(z); color: coefficient value (no time axis),AE-SINDy latent-6 dynamics baseline: The sparse SINDy coefficient matrix Xi: which library terms are active in each latent equation.,No time axis. Rendered package-locally from a FROZEN checkpoint (retrained: false). A full retrain was attempted and rejected (cross-environment CUDA nondeterminism); the reanalysis reproduced the canonical horizon 8.8 / decoder_error 0.022894755 / active_terms 17 exactly. NOT a from-scratch retrain.,package_generated_from_results,stage_4a,no
ae_l6_training_history,plots/01_ae_sindy/latent6_trial002_dynamics_baseline/training_history.png,ae_sindy,latent6_trial002_dynamics_baseline,ae_sindy_latent6,training_diagnostic,diagnostic,DIAGNOSTIC ONLY. Convergence/thresholding evidence; not a result. ,x: validation checkpoint / threshold step; y: validation loss / number of active terms (no time axis),AE-SINDy latent-6 dynamics baseline: Validation loss per checkpoint and the number of active SINDy terms per thresholding step.,No time axis. Rendered package-locally from a FROZEN checkpoint (retrained: false). A full retrain was attempted and rejected (cross-environment CUDA nondeterminism); the reanalysis reproduced the canonical horizon 8.8 / decoder_error 0.022894755 / active_terms 17 exactly. NOT a from-scratch retrain.,package_generated_from_results,stage_4a,no
fc_ngrc_full64_validation_relative_l2_horizon,plots/02_forecasting/per_model/ngrc_full64/validation_relative_l2_horizon.png,forecasting_per_model,validation,ngrc_full64,error_vs_time,appendix_candidate,"APPENDIX: the validation split drove model selection, so it is selection evidence, not performance evidence. NGRC is deterministic (no RNG).","x: time t [1/lambda_max] (Lyapunov, lambda_max=0.043); y: relative L2 error (dimensionless)","ngrc_full64 (validation split): Relative L2 error growth against time, with the error threshold and the valid-time horizon marked.",Time is shown in Lyapunov units t*lambda_max; reported horizon tables use physical simulation time. Horizon markers on this axis equal physical time * 0.043 and therefore do NOT equal the numbers in the horizon tables.,package_generated_from_results,stage_6,no
fc_ngrc_full64_validation_spatiotemporal_comparison,plots/02_forecasting/per_model/ngrc_full64/validation_spatiotemporal_comparison.png,forecasting_per_model,validation,ngrc_full64,spatiotemporal_triptych,appendix_candidate,"APPENDIX: the validation split drove model selection, so it is selection evidence, not performance evidence. NGRC is deterministic (no RNG).","x: time t [1/lambda_max] (Lyapunov, lambda_max=0.043); y: space x (physical coordinate 0 <= x < 22, x_j = 22j/64)",ngrc_full64 (validation split): Truth / forecast / error as a spatiotemporal triptych over the rollout.,Time is shown in Lyapunov units t*lambda_max; reported horizon tables use physical simulation time. Horizon markers on this axis equal physical time * 0.043 and therefore do NOT equal the numbers in the horizon tables.,package_generated_from_results,stage_6,no
fc_ngrc_full64_test_relative_l2_horizon,plots/02_forecasting/per_model/ngrc_full64/test_relative_l2_horizon.png,forecasting_per_model,test,ngrc_full64,error_vs_time,main_candidate,"MAIN TEXT candidate: test split is the headline performance evidence. Quote numbers from tables/, never measured off this figure. NGRC is deterministic (no RNG).","x: time t [1/lambda_max] (Lyapunov, lambda_max=0.043); y: relative L2 error (dimensionless)","ngrc_full64 (test split): Relative L2 error growth against time, with the error threshold and the valid-time horizon marked.",Time is shown in Lyapunov units t*lambda_max; reported horizon tables use physical simulation time. Horizon markers on this axis equal physical time * 0.043 and therefore do NOT equal the numbers in the horizon tables.,package_generated_from_results,stage_6,no
fc_ngrc_full64_test_spatiotemporal_comparison,plots/02_forecasting/per_model/ngrc_full64/test_spatiotemporal_comparison.png,forecasting_per_model,test,ngrc_full64,spatiotemporal_triptych,main_candidate,"MAIN TEXT candidate: test split is the headline performance evidence. Quote numbers from tables/, never measured off this figure. NGRC is deterministic (no RNG).","x: time t [1/lambda_max] (Lyapunov, lambda_max=0.043); y: space x (physical coordinate 0 <= x < 22, x_j = 22j/64)",ngrc_full64 (test split): Truth / forecast / error as a spatiotemporal triptych over the rollout.,Time is shown in Lyapunov units t*lambda_max; reported horizon tables use physical simulation time. Horizon markers on this axis equal physical time * 0.043 and therefore do NOT equal the numbers in the horizon tables.,package_generated_from_results,stage_6,no
fc_ngrc_latent8_validation_relative_l2_horizon,plots/02_forecasting/per_model/ngrc_latent8/validation_relative_l2_horizon.png,forecasting_per_model,validation,ngrc_latent8,error_vs_time,appendix_candidate,"APPENDIX: the validation split drove model selection, so it is selection evidence, not performance evidence. NGRC is deterministic (no RNG).","x: time t [1/lambda_max] (Lyapunov, lambda_max=0.043); y: relative L2 error (dimensionless)","ngrc_latent8 (validation split): Relative L2 error growth against time, with the error threshold and the valid-time horizon marked.",Time is shown in Lyapunov units t*lambda_max; reported horizon tables use physical simulation time. Horizon markers on this axis equal physical time * 0.043 and therefore do NOT equal the numbers in the horizon tables.,package_generated_from_results,stage_6,no
fc_ngrc_latent8_validation_spatiotemporal_comparison,plots/02_forecasting/per_model/ngrc_latent8/validation_spatiotemporal_comparison.png,forecasting_per_model,validation,ngrc_latent8,spatiotemporal_triptych,appendix_candidate,"APPENDIX: the validation split drove model selection, so it is selection evidence, not performance evidence. NGRC is deterministic (no RNG).","x: time t [1/lambda_max] (Lyapunov, lambda_max=0.043); y: space x (physical coordinate 0 <= x < 22, x_j = 22j/64)",ngrc_latent8 (validation split): Truth / forecast / error as a spatiotemporal triptych over the rollout.,Time is shown in Lyapunov units t*lambda_max; reported horizon tables use physical simulation time. Horizon markers on this axis equal physical time * 0.043 and therefore do NOT equal the numbers in the horizon tables.,package_generated_from_results,stage_6,no
fc_ngrc_latent8_test_relative_l2_horizon,plots/02_forecasting/per_model/ngrc_latent8/test_relative_l2_horizon.png,forecasting_per_model,test,ngrc_latent8,error_vs_time,main_candidate,"MAIN TEXT candidate: test split is the headline performance evidence. Quote numbers from tables/, never measured off this figure. NGRC is deterministic (no RNG).","x: time t [1/lambda_max] (Lyapunov, lambda_max=0.043); y: relative L2 error (dimensionless)","ngrc_latent8 (test split): Relative L2 error growth against time, with the error threshold and the valid-time horizon marked.",Time is shown in Lyapunov units t*lambda_max; reported horizon tables use physical simulation time. Horizon markers on this axis equal physical time * 0.043 and therefore do NOT equal the numbers in the horizon tables.,package_generated_from_results,stage_6,no
fc_ngrc_latent8_test_spatiotemporal_comparison,plots/02_forecasting/per_model/ngrc_latent8/test_spatiotemporal_comparison.png,forecasting_per_model,test,ngrc_latent8,spatiotemporal_triptych,main_candidate,"MAIN TEXT candidate: test split is the headline performance evidence. Quote numbers from tables/, never measured off this figure. NGRC is deterministic (no RNG).","x: time t [1/lambda_max] (Lyapunov, lambda_max=0.043); y: space x (physical coordinate 0 <= x < 22, x_j = 22j/64)",ngrc_latent8 (test split): Truth / forecast / error as a spatiotemporal triptych over the rollout.,Time is shown in Lyapunov units t*lambda_max; reported horizon tables use physical simulation time. Horizon markers on this axis equal physical time * 0.043 and therefore do NOT equal the numbers in the horizon tables.,package_generated_from_results,stage_6,no
fc_rc_full64_validation_relative_l2_horizon,plots/02_forecasting/per_model/rc_full64/validation_relative_l2_horizon.png,forecasting_per_model,validation,rc_full64,error_vs_time,appendix_candidate,"APPENDIX: the validation split drove model selection, so it is selection evidence, not performance evidence. Stochastic model: the final was chosen by a 15-seed validation rerank, not the optimizer argmax - pair with the seed-robustness figure.","x: time t [1/lambda_max] (Lyapunov, lambda_max=0.043); y: relative L2 error (dimensionless)","rc_full64 (validation split): Relative L2 error growth against time, with the error threshold and the valid-time horizon marked.",Time is shown in Lyapunov units t*lambda_max; reported horizon tables use physical simulation time. Horizon markers on this axis equal physical time * 0.043 and therefore do NOT equal the numbers in the horizon tables.,package_generated_from_results,stage_6,no
fc_rc_full64_validation_spatiotemporal_comparison,plots/02_forecasting/per_model/rc_full64/validation_spatiotemporal_comparison.png,forecasting_per_model,validation,rc_full64,spatiotemporal_triptych,appendix_candidate,"APPENDIX: the validation split drove model selection, so it is selection evidence, not performance evidence. Stochastic model: the final was chosen by a 15-seed validation rerank, not the optimizer argmax - pair with the seed-robustness figure.","x: time t [1/lambda_max] (Lyapunov, lambda_max=0.043); y: space x (physical coordinate 0 <= x < 22, x_j = 22j/64)",rc_full64 (validation split): Truth / forecast / error as a spatiotemporal triptych over the rollout.,Time is shown in Lyapunov units t*lambda_max; reported horizon tables use physical simulation time. Horizon markers on this axis equal physical time * 0.043 and therefore do NOT equal the numbers in the horizon tables.,package_generated_from_results,stage_6,no
fc_rc_full64_test_relative_l2_horizon,plots/02_forecasting/per_model/rc_full64/test_relative_l2_horizon.png,forecasting_per_model,test,rc_full64,error_vs_time,main_candidate,"MAIN TEXT candidate: test split is the headline performance evidence. Quote numbers from tables/, never measured off this figure. Stochastic model: the final was chosen by a 15-seed validation rerank, not the optimizer argmax - pair with the seed-robustness figure.","x: time t [1/lambda_max] (Lyapunov, lambda_max=0.043); y: relative L2 error (dimensionless)","rc_full64 (test split): Relative L2 error growth against time, with the error threshold and the valid-time horizon marked.",Time is shown in Lyapunov units t*lambda_max; reported horizon tables use physical simulation time. Horizon markers on this axis equal physical time * 0.043 and therefore do NOT equal the numbers in the horizon tables.,package_generated_from_results,stage_6,no
fc_rc_full64_test_spatiotemporal_comparison,plots/02_forecasting/per_model/rc_full64/test_spatiotemporal_comparison.png,forecasting_per_model,test,rc_full64,spatiotemporal_triptych,main_candidate,"MAIN TEXT candidate: test split is the headline performance evidence. Quote numbers from tables/, never measured off this figure. Stochastic model: the final was chosen by a 15-seed validation rerank, not the optimizer argmax - pair with the seed-robustness figure.","x: time t [1/lambda_max] (Lyapunov, lambda_max=0.043); y: space x (physical coordinate 0 <= x < 22, x_j = 22j/64)",rc_full64 (test split): Truth / forecast / error as a spatiotemporal triptych over the rollout.,Time is shown in Lyapunov units t*lambda_max; reported horizon tables use physical simulation time. Horizon markers on this axis equal physical time * 0.043 and therefore do NOT equal the numbers in the horizon tables.,package_generated_from_results,stage_6,no
fc_rc_latent8_validation_relative_l2_horizon,plots/02_forecasting/per_model/rc_latent8/validation_relative_l2_horizon.png,forecasting_per_model,validation,rc_latent8,error_vs_time,appendix_candidate,"APPENDIX: the validation split drove model selection, so it is selection evidence, not performance evidence. Stochastic model: the final was chosen by a 15-seed validation rerank, not the optimizer argmax - pair with the seed-robustness figure.","x: time t [1/lambda_max] (Lyapunov, lambda_max=0.043); y: relative L2 error (dimensionless)","rc_latent8 (validation split): Relative L2 error growth against time, with the error threshold and the valid-time horizon marked.",Time is shown in Lyapunov units t*lambda_max; reported horizon tables use physical simulation time. Horizon markers on this axis equal physical time * 0.043 and therefore do NOT equal the numbers in the horizon tables.,package_generated_from_results,stage_6,no
fc_rc_latent8_validation_spatiotemporal_comparison,plots/02_forecasting/per_model/rc_latent8/validation_spatiotemporal_comparison.png,forecasting_per_model,validation,rc_latent8,spatiotemporal_triptych,appendix_candidate,"APPENDIX: the validation split drove model selection, so it is selection evidence, not performance evidence. Stochastic model: the final was chosen by a 15-seed validation rerank, not the optimizer argmax - pair with the seed-robustness figure.","x: time t [1/lambda_max] (Lyapunov, lambda_max=0.043); y: space x (physical coordinate 0 <= x < 22, x_j = 22j/64)",rc_latent8 (validation split): Truth / forecast / error as a spatiotemporal triptych over the rollout.,Time is shown in Lyapunov units t*lambda_max; reported horizon tables use physical simulation time. Horizon markers on this axis equal physical time * 0.043 and therefore do NOT equal the numbers in the horizon tables.,package_generated_from_results,stage_6,no
fc_rc_latent8_test_relative_l2_horizon,plots/02_forecasting/per_model/rc_latent8/test_relative_l2_horizon.png,forecasting_per_model,test,rc_latent8,error_vs_time,main_candidate,"MAIN TEXT candidate: test split is the headline performance evidence. Quote numbers from tables/, never measured off this figure. Stochastic model: the final was chosen by a 15-seed validation rerank, not the optimizer argmax - pair with the seed-robustness figure.","x: time t [1/lambda_max] (Lyapunov, lambda_max=0.043); y: relative L2 error (dimensionless)","rc_latent8 (test split): Relative L2 error growth against time, with the error threshold and the valid-time horizon marked.",Time is shown in Lyapunov units t*lambda_max; reported horizon tables use physical simulation time. Horizon markers on this axis equal physical time * 0.043 and therefore do NOT equal the numbers in the horizon tables.,package_generated_from_results,stage_6,no
fc_rc_latent8_test_spatiotemporal_comparison,plots/02_forecasting/per_model/rc_latent8/test_spatiotemporal_comparison.png,forecasting_per_model,test,rc_latent8,spatiotemporal_triptych,main_candidate,"MAIN TEXT candidate: test split is the headline performance evidence. Quote numbers from tables/, never measured off this figure. Stochastic model: the final was chosen by a 15-seed validation rerank, not the optimizer argmax - pair with the seed-robustness figure.","x: time t [1/lambda_max] (Lyapunov, lambda_max=0.043); y: space x (physical coordinate 0 <= x < 22, x_j = 22j/64)",rc_latent8 (test split): Truth / forecast / error as a spatiotemporal triptych over the rollout.,Time is shown in Lyapunov units t*lambda_max; reported horizon tables use physical simulation time. Horizon markers on this axis equal physical time * 0.043 and therefore do NOT equal the numbers in the horizon tables.,package_generated_from_results,stage_6,no
fc_perc_full64_validation_relative_l2_horizon,plots/02_forecasting/per_model/perc_full64/validation_relative_l2_horizon.png,forecasting_per_model,validation,perc_full64,error_vs_time,appendix_candidate,"APPENDIX: the validation split drove model selection, so it is selection evidence, not performance evidence. Stochastic model: the final was chosen by a 15-seed validation rerank, not the optimizer argmax - pair with the seed-robustness figure.","x: time t [1/lambda_max] (Lyapunov, lambda_max=0.043); y: relative L2 error (dimensionless)","perc_full64 (validation split): Relative L2 error growth against time, with the error threshold and the valid-time horizon marked.",Time is shown in Lyapunov units t*lambda_max; reported horizon tables use physical simulation time. Horizon markers on this axis equal physical time * 0.043 and therefore do NOT equal the numbers in the horizon tables.,package_generated_from_results,stage_6,no
fc_perc_full64_validation_spatiotemporal_comparison,plots/02_forecasting/per_model/perc_full64/validation_spatiotemporal_comparison.png,forecasting_per_model,validation,perc_full64,spatiotemporal_triptych,appendix_candidate,"APPENDIX: the validation split drove model selection, so it is selection evidence, not performance evidence. Stochastic model: the final was chosen by a 15-seed validation rerank, not the optimizer argmax - pair with the seed-robustness figure.","x: time t [1/lambda_max] (Lyapunov, lambda_max=0.043); y: space x (physical coordinate 0 <= x < 22, x_j = 22j/64)",perc_full64 (validation split): Truth / forecast / error as a spatiotemporal triptych over the rollout.,Time is shown in Lyapunov units t*lambda_max; reported horizon tables use physical simulation time. Horizon markers on this axis equal physical time * 0.043 and therefore do NOT equal the numbers in the horizon tables.,package_generated_from_results,stage_6,no
fc_perc_full64_test_relative_l2_horizon,plots/02_forecasting/per_model/perc_full64/test_relative_l2_horizon.png,forecasting_per_model,test,perc_full64,error_vs_time,main_candidate,"MAIN TEXT candidate: test split is the headline performance evidence. Quote numbers from tables/, never measured off this figure. Stochastic model: the final was chosen by a 15-seed validation rerank, not the optimizer argmax - pair with the seed-robustness figure.","x: time t [1/lambda_max] (Lyapunov, lambda_max=0.043); y: relative L2 error (dimensionless)","perc_full64 (test split): Relative L2 error growth against time, with the error threshold and the valid-time horizon marked.",Time is shown in Lyapunov units t*lambda_max; reported horizon tables use physical simulation time. Horizon markers on this axis equal physical time * 0.043 and therefore do NOT equal the numbers in the horizon tables.,package_generated_from_results,stage_6,no
fc_perc_full64_test_spatiotemporal_comparison,plots/02_forecasting/per_model/perc_full64/test_spatiotemporal_comparison.png,forecasting_per_model,test,perc_full64,spatiotemporal_triptych,main_candidate,"MAIN TEXT candidate: test split is the headline performance evidence. Quote numbers from tables/, never measured off this figure. Stochastic model: the final was chosen by a 15-seed validation rerank, not the optimizer argmax - pair with the seed-robustness figure.","x: time t [1/lambda_max] (Lyapunov, lambda_max=0.043); y: space x (physical coordinate 0 <= x < 22, x_j = 22j/64)",perc_full64 (test split): Truth / forecast / error as a spatiotemporal triptych over the rollout.,Time is shown in Lyapunov units t*lambda_max; reported horizon tables use physical simulation time. Horizon markers on this axis equal physical time * 0.043 and therefore do NOT equal the numbers in the horizon tables.,package_generated_from_results,stage_6,no
fc_perc_latent8_validation_relative_l2_horizon,plots/02_forecasting/per_model/perc_latent8/validation_relative_l2_horizon.png,forecasting_per_model,validation,perc_latent8,error_vs_time,appendix_candidate,"APPENDIX: the validation split drove model selection, so it is selection evidence, not performance evidence. Stochastic model: the final was chosen by a 15-seed validation rerank, not the optimizer argmax - pair with the seed-robustness figure.","x: time t [1/lambda_max] (Lyapunov, lambda_max=0.043); y: relative L2 error (dimensionless)","perc_latent8 (validation split): Relative L2 error growth against time, with the error threshold and the valid-time horizon marked.",Time is shown in Lyapunov units t*lambda_max; reported horizon tables use physical simulation time. Horizon markers on this axis equal physical time * 0.043 and therefore do NOT equal the numbers in the horizon tables.,package_generated_from_results,stage_6,no
fc_perc_latent8_validation_spatiotemporal_comparison,plots/02_forecasting/per_model/perc_latent8/validation_spatiotemporal_comparison.png,forecasting_per_model,validation,perc_latent8,spatiotemporal_triptych,appendix_candidate,"APPENDIX: the validation split drove model selection, so it is selection evidence, not performance evidence. Stochastic model: the final was chosen by a 15-seed validation rerank, not the optimizer argmax - pair with the seed-robustness figure.","x: time t [1/lambda_max] (Lyapunov, lambda_max=0.043); y: space x (physical coordinate 0 <= x < 22, x_j = 22j/64)",perc_latent8 (validation split): Truth / forecast / error as a spatiotemporal triptych over the rollout.,Time is shown in Lyapunov units t*lambda_max; reported horizon tables use physical simulation time. Horizon markers on this axis equal physical time * 0.043 and therefore do NOT equal the numbers in the horizon tables.,package_generated_from_results,stage_6,no
fc_perc_latent8_test_relative_l2_horizon,plots/02_forecasting/per_model/perc_latent8/test_relative_l2_horizon.png,forecasting_per_model,test,perc_latent8,error_vs_time,main_candidate,"MAIN TEXT candidate: test split is the headline performance evidence. Quote numbers from tables/, never measured off this figure. Stochastic model: the final was chosen by a 15-seed validation rerank, not the optimizer argmax - pair with the seed-robustness figure.","x: time t [1/lambda_max] (Lyapunov, lambda_max=0.043); y: relative L2 error (dimensionless)","perc_latent8 (test split): Relative L2 error growth against time, with the error threshold and the valid-time horizon marked.",Time is shown in Lyapunov units t*lambda_max; reported horizon tables use physical simulation time. Horizon markers on this axis equal physical time * 0.043 and therefore do NOT equal the numbers in the horizon tables.,package_generated_from_results,stage_6,no
fc_perc_latent8_test_spatiotemporal_comparison,plots/02_forecasting/per_model/perc_latent8/test_spatiotemporal_comparison.png,forecasting_per_model,test,perc_latent8,spatiotemporal_triptych,main_candidate,"MAIN TEXT candidate: test split is the headline performance evidence. Quote numbers from tables/, never measured off this figure. Stochastic model: the final was chosen by a 15-seed validation rerank, not the optimizer argmax - pair with the seed-robustness figure.","x: time t [1/lambda_max] (Lyapunov, lambda_max=0.043); y: space x (physical coordinate 0 <= x < 22, x_j = 22j/64)",perc_latent8 (test split): Truth / forecast / error as a spatiotemporal triptych over the rollout.,Time is shown in Lyapunov units t*lambda_max; reported horizon tables use physical simulation time. Horizon markers on this axis equal physical time * 0.043 and therefore do NOT equal the numbers in the horizon tables.,package_generated_from_results,stage_6,no
fc_pinn_full64_validation_relative_l2_horizon,plots/02_forecasting/per_model/pinn_full64/validation_relative_l2_horizon.png,forecasting_per_model,validation,pinn_full64,error_vs_time,appendix_candidate,"APPENDIX: the validation split drove model selection, so it is selection evidence, not performance evidence.","x: time t [1/lambda_max] (Lyapunov, lambda_max=0.043); y: relative L2 error (dimensionless)","pinn_full64 (validation split): Relative L2 error growth against time, with the error threshold and the valid-time horizon marked.",Time is shown in Lyapunov units t*lambda_max; reported horizon tables use physical simulation time. Horizon markers on this axis equal physical time * 0.043 and therefore do NOT equal the numbers in the horizon tables.,package_generated_from_results,stage_6,no
fc_pinn_full64_validation_spatiotemporal_comparison,plots/02_forecasting/per_model/pinn_full64/validation_spatiotemporal_comparison.png,forecasting_per_model,validation,pinn_full64,spatiotemporal_triptych,appendix_candidate,"APPENDIX: the validation split drove model selection, so it is selection evidence, not performance evidence.","x: time t [1/lambda_max] (Lyapunov, lambda_max=0.043); y: space x (physical coordinate 0 <= x < 22, x_j = 22j/64)",pinn_full64 (validation split): Truth / forecast / error as a spatiotemporal triptych over the rollout.,Time is shown in Lyapunov units t*lambda_max; reported horizon tables use physical simulation time. Horizon markers on this axis equal physical time * 0.043 and therefore do NOT equal the numbers in the horizon tables.,package_generated_from_results,stage_6,no
fc_pinn_full64_test_relative_l2_horizon,plots/02_forecasting/per_model/pinn_full64/test_relative_l2_horizon.png,forecasting_per_model,test,pinn_full64,error_vs_time,main_candidate,"MAIN TEXT candidate: test split is the headline performance evidence. Quote numbers from tables/, never measured off this figure.","x: time t [1/lambda_max] (Lyapunov, lambda_max=0.043); y: relative L2 error (dimensionless)","pinn_full64 (test split): Relative L2 error growth against time, with the error threshold and the valid-time horizon marked.",Time is shown in Lyapunov units t*lambda_max; reported horizon tables use physical simulation time. Horizon markers on this axis equal physical time * 0.043 and therefore do NOT equal the numbers in the horizon tables.,package_generated_from_results,stage_6,no
fc_pinn_full64_test_spatiotemporal_comparison,plots/02_forecasting/per_model/pinn_full64/test_spatiotemporal_comparison.png,forecasting_per_model,test,pinn_full64,spatiotemporal_triptych,main_candidate,"MAIN TEXT candidate: test split is the headline performance evidence. Quote numbers from tables/, never measured off this figure.","x: time t [1/lambda_max] (Lyapunov, lambda_max=0.043); y: space x (physical coordinate 0 <= x < 22, x_j = 22j/64)",pinn_full64 (test split): Truth / forecast / error as a spatiotemporal triptych over the rollout.,Time is shown in Lyapunov units t*lambda_max; reported horizon tables use physical simulation time. Horizon markers on this axis equal physical time * 0.043 and therefore do NOT equal the numbers in the horizon tables.,package_generated_from_results,stage_6,no
fc_pinn_latent8_validation_relative_l2_horizon,plots/02_forecasting/per_model/pinn_latent8/validation_relative_l2_horizon.png,forecasting_per_model,validation,pinn_latent8,error_vs_time,appendix_candidate,"APPENDIX: the validation split drove model selection, so it is selection evidence, not performance evidence. Stochastic model: the final was chosen by a 15-seed validation rerank, not the optimizer argmax - pair with the seed-robustness figure.","x: time t [1/lambda_max] (Lyapunov, lambda_max=0.043); y: relative L2 error (dimensionless)","pinn_latent8 (validation split): Relative L2 error growth against time, with the error threshold and the valid-time horizon marked.",Time is shown in Lyapunov units t*lambda_max; reported horizon tables use physical simulation time. Horizon markers on this axis equal physical time * 0.043 and therefore do NOT equal the numbers in the horizon tables.,package_generated_from_results,stage_6,no
fc_pinn_latent8_validation_spatiotemporal_comparison,plots/02_forecasting/per_model/pinn_latent8/validation_spatiotemporal_comparison.png,forecasting_per_model,validation,pinn_latent8,spatiotemporal_triptych,appendix_candidate,"APPENDIX: the validation split drove model selection, so it is selection evidence, not performance evidence. Stochastic model: the final was chosen by a 15-seed validation rerank, not the optimizer argmax - pair with the seed-robustness figure.","x: time t [1/lambda_max] (Lyapunov, lambda_max=0.043); y: space x (physical coordinate 0 <= x < 22, x_j = 22j/64)",pinn_latent8 (validation split): Truth / forecast / error as a spatiotemporal triptych over the rollout.,Time is shown in Lyapunov units t*lambda_max; reported horizon tables use physical simulation time. Horizon markers on this axis equal physical time * 0.043 and therefore do NOT equal the numbers in the horizon tables.,package_generated_from_results,stage_6,no
fc_pinn_latent8_test_relative_l2_horizon,plots/02_forecasting/per_model/pinn_latent8/test_relative_l2_horizon.png,forecasting_per_model,test,pinn_latent8,error_vs_time,main_candidate,"MAIN TEXT candidate: test split is the headline performance evidence. Quote numbers from tables/, never measured off this figure. Stochastic model: the final was chosen by a 15-seed validation rerank, not the optimizer argmax - pair with the seed-robustness figure.","x: time t [1/lambda_max] (Lyapunov, lambda_max=0.043); y: relative L2 error (dimensionless)","pinn_latent8 (test split): Relative L2 error growth against time, with the error threshold and the valid-time horizon marked.",Time is shown in Lyapunov units t*lambda_max; reported horizon tables use physical simulation time. Horizon markers on this axis equal physical time * 0.043 and therefore do NOT equal the numbers in the horizon tables.,package_generated_from_results,stage_6,no
fc_pinn_latent8_test_spatiotemporal_comparison,plots/02_forecasting/per_model/pinn_latent8/test_spatiotemporal_comparison.png,forecasting_per_model,test,pinn_latent8,spatiotemporal_triptych,main_candidate,"MAIN TEXT candidate: test split is the headline performance evidence. Quote numbers from tables/, never measured off this figure. Stochastic model: the final was chosen by a 15-seed validation rerank, not the optimizer argmax - pair with the seed-robustness figure.","x: time t [1/lambda_max] (Lyapunov, lambda_max=0.043); y: space x (physical coordinate 0 <= x < 22, x_j = 22j/64)",pinn_latent8 (test split): Truth / forecast / error as a spatiotemporal triptych over the rollout.,Time is shown in Lyapunov units t*lambda_max; reported horizon tables use physical simulation time. Horizon markers on this axis equal physical time * 0.043 and therefore do NOT equal the numbers in the horizon tables.,package_generated_from_results,stage_6,no
opt_ngrc_full64_convergence,plots/optimizer_search/ngrc/ngrc_full64/optimizer_convergence.png,optimizer_search,ngrc,ngrc_full64,convergence_curve,appendix_candidate,"NGRC is deterministic (no RNG), so its search IS the selection procedure and these are direct selection evidence. Strongest appendix candidate of the optimizer set.","x: optimizer trial (count, not time); y: best-so-far validation horizon T_h in PHYSICAL simulation time (use_lyapunov=false)","ngrc_full64 hyperparameter search: Best-so-far validation horizon against trial number, one curve per optimizer (Random, Random forest, GBRT, Gaussian process).","Optimizer-search diagnostic over validation horizon; not a test-performance plot. Metric is validation horizon (maximize). NOT package-reproducible: generated from the private ~34 GB optimizer-search archives under experiments/forecasting/, which are outside the package by design - verify via the manifest checksum instead.",package_generated_from_results,stage_6,no
opt_ngrc_full64_sampling_matrix,plots/optimizer_search/ngrc/ngrc_full64/optimizer_sampling_matrix.png,optimizer_search,ngrc,ngrc_full64,parameter_sampling_matrix,diagnostic,"NGRC is deterministic (no RNG), so its search IS the selection procedure and these are direct selection evidence. Diagnostic detail; appendix only if search coverage is questioned.",x/y: search parameters in native units (log10 where the config says so); diagonal: count (no time axis),ngrc_full64 hyperparameter search: Where in the hyperparameter space each optimizer actually sampled: pairwise scatter with per-parameter histograms on the diagonal.,"Optimizer-search diagnostic over validation horizon; not a test-performance plot. Metric is validation horizon (maximize). NOT package-reproducible: generated from the private ~34 GB optimizer-search archives under experiments/forecasting/, which are outside the package by design - verify via the manifest checksum instead.",package_generated_from_results,stage_6,no
opt_ngrc_full64_surrogate_landscape,plots/optimizer_search/ngrc/ngrc_full64/optimizer_surrogate_landscape.png,optimizer_search,ngrc,ngrc_full64,surrogate_landscape,diagnostic,"NGRC is deterministic (no RNG), so its search IS the selection procedure and these are direct selection evidence. Diagnostic detail; appendix only if search coverage is questioned.","x/y: search parameters in native units; color: surrogate-predicted validation horizon T_h, physical simulation time (no time axis on x/y)","ngrc_full64 hyperparameter search: A surrogate model's predicted validation-horizon landscape over parameter pairs (fitted for display only, random_seed=0, max 1200 train points).","Optimizer-search diagnostic over validation horizon; not a test-performance plot. Metric is validation horizon (maximize). NOT package-reproducible: generated from the private ~34 GB optimizer-search archives under experiments/forecasting/, which are outside the package by design - verify via the manifest checksum instead.",package_generated_from_results,stage_6,no
opt_ngrc_latent8_convergence,plots/optimizer_search/ngrc/ngrc_latent8/optimizer_convergence.png,optimizer_search,ngrc,ngrc_latent8,convergence_curve,appendix_candidate,"NGRC is deterministic (no RNG), so its search IS the selection procedure and these are direct selection evidence. Strongest appendix candidate of the optimizer set.","x: optimizer trial (count, not time); y: best-so-far validation horizon T_h in PHYSICAL simulation time (use_lyapunov=false)","ngrc_latent8 hyperparameter search: Best-so-far validation horizon against trial number, one curve per optimizer (Random, Random forest, GBRT, Gaussian process).","Optimizer-search diagnostic over validation horizon; not a test-performance plot. Metric is validation horizon (maximize). NOT package-reproducible: generated from the private ~34 GB optimizer-search archives under experiments/forecasting/, which are outside the package by design - verify via the manifest checksum instead.",package_generated_from_results,stage_6,no
opt_ngrc_latent8_sampling_matrix,plots/optimizer_search/ngrc/ngrc_latent8/optimizer_sampling_matrix.png,optimizer_search,ngrc,ngrc_latent8,parameter_sampling_matrix,diagnostic,"NGRC is deterministic (no RNG), so its search IS the selection procedure and these are direct selection evidence. Diagnostic detail; appendix only if search coverage is questioned.",x/y: search parameters in native units (log10 where the config says so); diagonal: count (no time axis),ngrc_latent8 hyperparameter search: Where in the hyperparameter space each optimizer actually sampled: pairwise scatter with per-parameter histograms on the diagonal.,"Optimizer-search diagnostic over validation horizon; not a test-performance plot. Metric is validation horizon (maximize). NOT package-reproducible: generated from the private ~34 GB optimizer-search archives under experiments/forecasting/, which are outside the package by design - verify via the manifest checksum instead.",package_generated_from_results,stage_6,no
opt_ngrc_latent8_surrogate_landscape,plots/optimizer_search/ngrc/ngrc_latent8/optimizer_surrogate_landscape.png,optimizer_search,ngrc,ngrc_latent8,surrogate_landscape,diagnostic,"NGRC is deterministic (no RNG), so its search IS the selection procedure and these are direct selection evidence. Diagnostic detail; appendix only if search coverage is questioned.","x/y: search parameters in native units; color: surrogate-predicted validation horizon T_h, physical simulation time (no time axis on x/y)","ngrc_latent8 hyperparameter search: A surrogate model's predicted validation-horizon landscape over parameter pairs (fitted for display only, random_seed=0, max 1200 train points).","Optimizer-search diagnostic over validation horizon; not a test-performance plot. Metric is validation horizon (maximize). NOT package-reproducible: generated from the private ~34 GB optimizer-search archives under experiments/forecasting/, which are outside the package by design - verify via the manifest checksum instead.",package_generated_from_results,stage_6,no
opt_rc_full64_convergence,plots/optimizer_search/rc/rc_full64/optimizer_convergence.png,optimizer_search,rc,rc_full64,convergence_curve,diagnostic,"DIAGNOSTIC ONLY. This model is stochastic and its final was NOT taken at the optimizer argmax: heights here are single-seed, search-time scores. Do not read as performance. The seed-robustness figure is the real selection evidence.","x: optimizer trial (count, not time); y: best-so-far validation horizon T_h in PHYSICAL simulation time (use_lyapunov=false)","rc_full64 hyperparameter search: Best-so-far validation horizon against trial number, one curve per optimizer (Random, Random forest, GBRT, Gaussian process).","Optimizer-search diagnostic over validation horizon; not a test-performance plot. Metric is validation horizon (maximize). NOT package-reproducible: generated from the private ~34 GB optimizer-search archives under experiments/forecasting/, which are outside the package by design - verify via the manifest checksum instead.",package_generated_from_results,stage_6,no
opt_rc_full64_sampling_matrix,plots/optimizer_search/rc/rc_full64/optimizer_sampling_matrix.png,optimizer_search,rc,rc_full64,parameter_sampling_matrix,diagnostic,"DIAGNOSTIC ONLY. This model is stochastic and its final was NOT taken at the optimizer argmax: heights here are single-seed, search-time scores. Do not read as performance. The seed-robustness figure is the real selection evidence.",x/y: search parameters in native units (log10 where the config says so); diagonal: count (no time axis),rc_full64 hyperparameter search: Where in the hyperparameter space each optimizer actually sampled: pairwise scatter with per-parameter histograms on the diagonal.,"Optimizer-search diagnostic over validation horizon; not a test-performance plot. Metric is validation horizon (maximize). NOT package-reproducible: generated from the private ~34 GB optimizer-search archives under experiments/forecasting/, which are outside the package by design - verify via the manifest checksum instead.",package_generated_from_results,stage_6,no
opt_rc_full64_surrogate_landscape,plots/optimizer_search/rc/rc_full64/optimizer_surrogate_landscape.png,optimizer_search,rc,rc_full64,surrogate_landscape,diagnostic,"DIAGNOSTIC ONLY. This model is stochastic and its final was NOT taken at the optimizer argmax: heights here are single-seed, search-time scores. Do not read as performance. The seed-robustness figure is the real selection evidence.","x/y: search parameters in native units; color: surrogate-predicted validation horizon T_h, physical simulation time (no time axis on x/y)","rc_full64 hyperparameter search: A surrogate model's predicted validation-horizon landscape over parameter pairs (fitted for display only, random_seed=0, max 1200 train points).","Optimizer-search diagnostic over validation horizon; not a test-performance plot. Metric is validation horizon (maximize). NOT package-reproducible: generated from the private ~34 GB optimizer-search archives under experiments/forecasting/, which are outside the package by design - verify via the manifest checksum instead.",package_generated_from_results,stage_6,no
opt_rc_latent8_convergence,plots/optimizer_search/rc/rc_latent8/optimizer_convergence.png,optimizer_search,rc,rc_latent8,convergence_curve,diagnostic,"DIAGNOSTIC ONLY. This model is stochastic and its final was NOT taken at the optimizer argmax: heights here are single-seed, search-time scores. Do not read as performance. The seed-robustness figure is the real selection evidence.","x: optimizer trial (count, not time); y: best-so-far validation horizon T_h in PHYSICAL simulation time (use_lyapunov=false)","rc_latent8 hyperparameter search: Best-so-far validation horizon against trial number, one curve per optimizer (Random, Random forest, GBRT, Gaussian process).","Optimizer-search diagnostic over validation horizon; not a test-performance plot. Metric is validation horizon (maximize). NOT package-reproducible: generated from the private ~34 GB optimizer-search archives under experiments/forecasting/, which are outside the package by design - verify via the manifest checksum instead.",package_generated_from_results,stage_6,no
opt_rc_latent8_sampling_matrix,plots/optimizer_search/rc/rc_latent8/optimizer_sampling_matrix.png,optimizer_search,rc,rc_latent8,parameter_sampling_matrix,diagnostic,"DIAGNOSTIC ONLY. This model is stochastic and its final was NOT taken at the optimizer argmax: heights here are single-seed, search-time scores. Do not read as performance. The seed-robustness figure is the real selection evidence.",x/y: search parameters in native units (log10 where the config says so); diagonal: count (no time axis),rc_latent8 hyperparameter search: Where in the hyperparameter space each optimizer actually sampled: pairwise scatter with per-parameter histograms on the diagonal.,"Optimizer-search diagnostic over validation horizon; not a test-performance plot. Metric is validation horizon (maximize). NOT package-reproducible: generated from the private ~34 GB optimizer-search archives under experiments/forecasting/, which are outside the package by design - verify via the manifest checksum instead.",package_generated_from_results,stage_6,no
opt_rc_latent8_surrogate_landscape,plots/optimizer_search/rc/rc_latent8/optimizer_surrogate_landscape.png,optimizer_search,rc,rc_latent8,surrogate_landscape,diagnostic,"DIAGNOSTIC ONLY. This model is stochastic and its final was NOT taken at the optimizer argmax: heights here are single-seed, search-time scores. Do not read as performance. The seed-robustness figure is the real selection evidence.","x/y: search parameters in native units; color: surrogate-predicted validation horizon T_h, physical simulation time (no time axis on x/y)","rc_latent8 hyperparameter search: A surrogate model's predicted validation-horizon landscape over parameter pairs (fitted for display only, random_seed=0, max 1200 train points).","Optimizer-search diagnostic over validation horizon; not a test-performance plot. Metric is validation horizon (maximize). NOT package-reproducible: generated from the private ~34 GB optimizer-search archives under experiments/forecasting/, which are outside the package by design - verify via the manifest checksum instead.",package_generated_from_results,stage_6,no
opt_perc_full64_convergence,plots/optimizer_search/perc/perc_full64/optimizer_convergence.png,optimizer_search,perc,perc_full64,convergence_curve,diagnostic,"DIAGNOSTIC ONLY. This model is stochastic and its final was NOT taken at the optimizer argmax: heights here are single-seed, search-time scores. Do not read as performance. The seed-robustness figure is the real selection evidence.","x: optimizer trial (count, not time); y: best-so-far validation horizon T_h in PHYSICAL simulation time (use_lyapunov=false)","perc_full64 hyperparameter search: Best-so-far validation horizon against trial number, one curve per optimizer (Random, Random forest, GBRT, Gaussian process).","Optimizer-search diagnostic over validation horizon; not a test-performance plot. Metric is validation horizon (maximize). NOT package-reproducible: generated from the private ~34 GB optimizer-search archives under experiments/forecasting/, which are outside the package by design - verify via the manifest checksum instead.",package_generated_from_results,stage_6,no
opt_perc_full64_sampling_matrix,plots/optimizer_search/perc/perc_full64/optimizer_sampling_matrix.png,optimizer_search,perc,perc_full64,parameter_sampling_matrix,diagnostic,"DIAGNOSTIC ONLY. This model is stochastic and its final was NOT taken at the optimizer argmax: heights here are single-seed, search-time scores. Do not read as performance. The seed-robustness figure is the real selection evidence.",x/y: search parameters in native units (log10 where the config says so); diagonal: count (no time axis),perc_full64 hyperparameter search: Where in the hyperparameter space each optimizer actually sampled: pairwise scatter with per-parameter histograms on the diagonal.,"Optimizer-search diagnostic over validation horizon; not a test-performance plot. Metric is validation horizon (maximize). NOT package-reproducible: generated from the private ~34 GB optimizer-search archives under experiments/forecasting/, which are outside the package by design - verify via the manifest checksum instead.",package_generated_from_results,stage_6,no
opt_perc_full64_surrogate_landscape,plots/optimizer_search/perc/perc_full64/optimizer_surrogate_landscape.png,optimizer_search,perc,perc_full64,surrogate_landscape,diagnostic,"DIAGNOSTIC ONLY. This model is stochastic and its final was NOT taken at the optimizer argmax: heights here are single-seed, search-time scores. Do not read as performance. The seed-robustness figure is the real selection evidence.","x/y: search parameters in native units; color: surrogate-predicted validation horizon T_h, physical simulation time (no time axis on x/y)","perc_full64 hyperparameter search: A surrogate model's predicted validation-horizon landscape over parameter pairs (fitted for display only, random_seed=0, max 1200 train points).","Optimizer-search diagnostic over validation horizon; not a test-performance plot. Metric is validation horizon (maximize). NOT package-reproducible: generated from the private ~34 GB optimizer-search archives under experiments/forecasting/, which are outside the package by design - verify via the manifest checksum instead.",package_generated_from_results,stage_6,no
opt_perc_latent8_convergence,plots/optimizer_search/perc/perc_latent8/optimizer_convergence.png,optimizer_search,perc,perc_latent8,convergence_curve,diagnostic,"DIAGNOSTIC ONLY. This model is stochastic and its final was NOT taken at the optimizer argmax: heights here are single-seed, search-time scores. Do not read as performance. The seed-robustness figure is the real selection evidence.","x: optimizer trial (count, not time); y: best-so-far validation horizon T_h in PHYSICAL simulation time (use_lyapunov=false)","perc_latent8 hyperparameter search: Best-so-far validation horizon against trial number, one curve per optimizer (Random, Random forest, GBRT, Gaussian process).","Optimizer-search diagnostic over validation horizon; not a test-performance plot. Metric is validation horizon (maximize). NOT package-reproducible: generated from the private ~34 GB optimizer-search archives under experiments/forecasting/, which are outside the package by design - verify via the manifest checksum instead.",package_generated_from_results,stage_6,no
opt_perc_latent8_sampling_matrix,plots/optimizer_search/perc/perc_latent8/optimizer_sampling_matrix.png,optimizer_search,perc,perc_latent8,parameter_sampling_matrix,diagnostic,"DIAGNOSTIC ONLY. This model is stochastic and its final was NOT taken at the optimizer argmax: heights here are single-seed, search-time scores. Do not read as performance. The seed-robustness figure is the real selection evidence.",x/y: search parameters in native units (log10 where the config says so); diagonal: count (no time axis),perc_latent8 hyperparameter search: Where in the hyperparameter space each optimizer actually sampled: pairwise scatter with per-parameter histograms on the diagonal.,"Optimizer-search diagnostic over validation horizon; not a test-performance plot. Metric is validation horizon (maximize). NOT package-reproducible: generated from the private ~34 GB optimizer-search archives under experiments/forecasting/, which are outside the package by design - verify via the manifest checksum instead.",package_generated_from_results,stage_6,no
opt_perc_latent8_surrogate_landscape,plots/optimizer_search/perc/perc_latent8/optimizer_surrogate_landscape.png,optimizer_search,perc,perc_latent8,surrogate_landscape,diagnostic,"DIAGNOSTIC ONLY. This model is stochastic and its final was NOT taken at the optimizer argmax: heights here are single-seed, search-time scores. Do not read as performance. The seed-robustness figure is the real selection evidence.","x/y: search parameters in native units; color: surrogate-predicted validation horizon T_h, physical simulation time (no time axis on x/y)","perc_latent8 hyperparameter search: A surrogate model's predicted validation-horizon landscape over parameter pairs (fitted for display only, random_seed=0, max 1200 train points).","Optimizer-search diagnostic over validation horizon; not a test-performance plot. Metric is validation horizon (maximize). NOT package-reproducible: generated from the private ~34 GB optimizer-search archives under experiments/forecasting/, which are outside the package by design - verify via the manifest checksum instead.",package_generated_from_results,stage_6,no
opt_pinn_full64_convergence,plots/optimizer_search/pinn/pinn_full64/optimizer_convergence.png,optimizer_search,pinn,pinn_full64,convergence_curve,diagnostic,"DIAGNOSTIC ONLY. This model is stochastic and its final was NOT taken at the optimizer argmax: heights here are single-seed, search-time scores. Do not read as performance. The seed-robustness figure is the real selection evidence.","x: optimizer trial (count, not time); y: best-so-far validation horizon T_h in PHYSICAL simulation time (use_lyapunov=false)","pinn_full64 hyperparameter search: Best-so-far validation horizon against trial number, one curve per optimizer (Random, Random forest, GBRT, Gaussian process).","Optimizer-search diagnostic over validation horizon; not a test-performance plot. Metric is validation horizon (maximize). Regenerated from the compact public trial-history dataset under forecasting/data/optimizer_search/ (v003 physics-active search). The red star marks the search-time metric optimum (GBRT trial 22, 31.2), which is NOT the published configuration.",package_generated_from_results,stage_6,no
opt_pinn_full64_sampling_matrix,plots/optimizer_search/pinn/pinn_full64/optimizer_sampling_matrix.png,optimizer_search,pinn,pinn_full64,parameter_sampling_matrix,diagnostic,"DIAGNOSTIC ONLY. This model is stochastic and its final was NOT taken at the optimizer argmax: heights here are single-seed, search-time scores. Do not read as performance. The seed-robustness figure is the real selection evidence.",x/y: search parameters in native units (log10 where the config says so); diagonal: count (no time axis),pinn_full64 hyperparameter search: Where in the hyperparameter space each optimizer actually sampled: pairwise scatter with per-parameter histograms on the diagonal.,"Optimizer-search diagnostic over validation horizon; not a test-performance plot. Metric is validation horizon (maximize). Regenerated from the compact public trial-history dataset under forecasting/data/optimizer_search/ (v003 physics-active search). The red star marks the search-time metric optimum (GBRT trial 22, 31.2), which is NOT the published configuration.",package_generated_from_results,stage_6,no
opt_pinn_full64_surrogate_landscape,plots/optimizer_search/pinn/pinn_full64/optimizer_surrogate_landscape.png,optimizer_search,pinn,pinn_full64,surrogate_landscape,diagnostic,"DIAGNOSTIC ONLY. This model is stochastic and its final was NOT taken at the optimizer argmax: heights here are single-seed, search-time scores. Do not read as performance. The seed-robustness figure is the real selection evidence.","x/y: search parameters in native units; color: surrogate-predicted validation horizon T_h, physical simulation time (no time axis on x/y)","pinn_full64 hyperparameter search: A surrogate model's predicted validation-horizon landscape over parameter pairs (fitted for display only, random_seed=0, max 1200 train points).","Optimizer-search diagnostic over validation horizon; not a test-performance plot. Metric is validation horizon (maximize). Regenerated from the compact public trial-history dataset under forecasting/data/optimizer_search/ (v003 physics-active search). The red star marks the search-time metric optimum (GBRT trial 22, 31.2), which is NOT the published configuration.",package_generated_from_results,stage_6,no
opt_pinn_latent8_convergence,plots/optimizer_search/pinn/pinn_latent8/optimizer_convergence.png,optimizer_search,pinn,pinn_latent8,convergence_curve,diagnostic,"DIAGNOSTIC ONLY. This model is stochastic and its final was NOT taken at the optimizer argmax: heights here are single-seed, search-time scores. Do not read as performance. The seed-robustness figure is the real selection evidence.","x: optimizer trial (count, not time); y: best-so-far validation horizon T_h in PHYSICAL simulation time (use_lyapunov=false)","pinn_latent8 hyperparameter search: Best-so-far validation horizon against trial number, one curve per optimizer (Random, Random forest, GBRT, Gaussian process).","Optimizer-search diagnostic over validation horizon; not a test-performance plot. Metric is validation horizon (maximize). NOT package-reproducible: generated from the private ~34 GB optimizer-search archives under experiments/forecasting/, which are outside the package by design - verify via the manifest checksum instead.",package_generated_from_results,stage_6,no
opt_pinn_latent8_sampling_matrix,plots/optimizer_search/pinn/pinn_latent8/optimizer_sampling_matrix.png,optimizer_search,pinn,pinn_latent8,parameter_sampling_matrix,diagnostic,"DIAGNOSTIC ONLY. This model is stochastic and its final was NOT taken at the optimizer argmax: heights here are single-seed, search-time scores. Do not read as performance. The seed-robustness figure is the real selection evidence.",x/y: search parameters in native units (log10 where the config says so); diagonal: count (no time axis),pinn_latent8 hyperparameter search: Where in the hyperparameter space each optimizer actually sampled: pairwise scatter with per-parameter histograms on the diagonal.,"Optimizer-search diagnostic over validation horizon; not a test-performance plot. Metric is validation horizon (maximize). NOT package-reproducible: generated from the private ~34 GB optimizer-search archives under experiments/forecasting/, which are outside the package by design - verify via the manifest checksum instead.",package_generated_from_results,stage_6,no
opt_pinn_latent8_surrogate_landscape,plots/optimizer_search/pinn/pinn_latent8/optimizer_surrogate_landscape.png,optimizer_search,pinn,pinn_latent8,surrogate_landscape,diagnostic,"DIAGNOSTIC ONLY. This model is stochastic and its final was NOT taken at the optimizer argmax: heights here are single-seed, search-time scores. Do not read as performance. The seed-robustness figure is the real selection evidence.","x/y: search parameters in native units; color: surrogate-predicted validation horizon T_h, physical simulation time (no time axis on x/y)","pinn_latent8 hyperparameter search: A surrogate model's predicted validation-horizon landscape over parameter pairs (fitted for display only, random_seed=0, max 1200 train points).","Optimizer-search diagnostic over validation horizon; not a test-performance plot. Metric is validation horizon (maximize). NOT package-reproducible: generated from the private ~34 GB optimizer-search archives under experiments/forecasting/, which are outside the package by design - verify via the manifest checksum instead.",package_generated_from_results,stage_6,no
seed_rc_full64_candidate_boxplots,plots/comparison/seed_robustness/rc_full64/seed_robust_candidate_boxplots.png,seed_robustness,candidate_distribution,rc_full64,boxplot_distribution,appendix_candidate,"APPENDIX. The honest evidence for how this model was selected, and the strongest support for the seed-robustness correction. Diagnostic about the SELECTION PROCESS, not final performance - final numbers come from tables/.","x: candidate (search rank 1-10, categorical); y: validation horizon T_h in PHYSICAL simulation time",rc_full64: the 15-seed validation-horizon distribution of each of its 10 re-ranked candidates (10 boxes x 15 seeds = 150 points). Green = the seed-robust winner locked in (c07); orange = the originally published candidate (search rank 1); dashed line = the originally published value (49.6).,"Each box shows 15-seed validation-horizon distribution for one candidate; selected candidate chosen by seed-robust validation ranking, not by best single seed. Selection rule: highest median validation horizon across 15 seeds, reported at the representative median seed. The published dashed line sits at or above the top of its own candidate's box - it was a lucky draw, not a typical one.",package_generated_from_staged_provenance_csv,stage_7b,no
seed_rc_latent8_candidate_boxplots,plots/comparison/seed_robustness/rc_latent8/seed_robust_candidate_boxplots.png,seed_robustness,candidate_distribution,rc_latent8,boxplot_distribution,appendix_candidate,"APPENDIX. The honest evidence for how this model was selected, and the strongest support for the seed-robustness correction. Diagnostic about the SELECTION PROCESS, not final performance - final numbers come from tables/.","x: candidate (search rank 1-10, categorical); y: validation horizon T_h in PHYSICAL simulation time",rc_latent8: the 15-seed validation-horizon distribution of each of its 10 re-ranked candidates (10 boxes x 15 seeds = 150 points). Green = the seed-robust winner locked in (c02); orange = the originally published candidate (search rank 1); dashed line = the originally published value (42.4).,"Each box shows 15-seed validation-horizon distribution for one candidate; selected candidate chosen by seed-robust validation ranking, not by best single seed. Selection rule: highest median validation horizon across 15 seeds, reported at the representative median seed. The published dashed line sits at or above the top of its own candidate's box - it was a lucky draw, not a typical one.",package_generated_from_staged_provenance_csv,stage_7b,no
seed_perc_full64_candidate_boxplots,plots/comparison/seed_robustness/perc_full64/seed_robust_candidate_boxplots.png,seed_robustness,candidate_distribution,perc_full64,boxplot_distribution,appendix_candidate,"APPENDIX. The honest evidence for how this model was selected, and the strongest support for the seed-robustness correction. Diagnostic about the SELECTION PROCESS, not final performance - final numbers come from tables/.","x: candidate (search rank 1-10, categorical); y: validation horizon T_h in PHYSICAL simulation time",perc_full64: the 15-seed validation-horizon distribution of each of its 10 re-ranked candidates (10 boxes x 15 seeds = 150 points). Green = the seed-robust winner locked in (c07); orange = the originally published candidate (search rank 1); dashed line = the originally published value (45.3).,"Each box shows 15-seed validation-horizon distribution for one candidate; selected candidate chosen by seed-robust validation ranking, not by best single seed. Selection rule: highest median validation horizon across 15 seeds, reported at the representative median seed. The published dashed line sits at or above the top of its own candidate's box - it was a lucky draw, not a typical one.",package_generated_from_staged_provenance_csv,stage_7b,no
seed_perc_latent8_candidate_boxplots,plots/comparison/seed_robustness/perc_latent8/seed_robust_candidate_boxplots.png,seed_robustness,candidate_distribution,perc_latent8,boxplot_distribution,appendix_candidate,"APPENDIX. The honest evidence for how this model was selected, and the strongest support for the seed-robustness correction. Diagnostic about the SELECTION PROCESS, not final performance - final numbers come from tables/.","x: candidate (search rank 1-10, categorical); y: validation horizon T_h in PHYSICAL simulation time",perc_latent8: the 15-seed validation-horizon distribution of each of its 10 re-ranked candidates (10 boxes x 15 seeds = 150 points). Green = the seed-robust winner locked in (c06); orange = the originally published candidate (search rank 1); dashed line = the originally published value (22.1).,"Each box shows 15-seed validation-horizon distribution for one candidate; selected candidate chosen by seed-robust validation ranking, not by best single seed. Selection rule: highest median validation horizon across 15 seeds, reported at the representative median seed. The published dashed line sits at or above the top of its own candidate's box - it was a lucky draw, not a typical one.",package_generated_from_staged_provenance_csv,stage_7b,no
seed_pinn_latent8_candidate_boxplots,plots/comparison/seed_robustness/pinn_latent8/seed_robust_candidate_boxplots.png,seed_robustness,candidate_distribution,pinn_latent8,boxplot_distribution,appendix_candidate,"APPENDIX. The honest evidence for how this model was selected, and the strongest support for the seed-robustness correction. Diagnostic about the SELECTION PROCESS, not final performance - final numbers come from tables/.","x: candidate (search rank 1-10, categorical); y: validation horizon T_h in PHYSICAL simulation time",pinn_latent8: the 15-seed validation-horizon distribution of each of its 10 re-ranked candidates (10 boxes x 15 seeds = 150 points). Green = the seed-robust winner locked in (c02); orange = the originally published candidate (search rank 1); dashed line = the originally published value (26.7).,"Each box shows 15-seed validation-horizon distribution for one candidate; selected candidate chosen by seed-robust validation ranking, not by best single seed. Selection rule: highest median validation horizon across 15 seeds, reported at the representative median seed. The published dashed line sits at or above the top of its own candidate's box - it was a lucky draw, not a typical one.",package_generated_from_staged_provenance_csv,stage_7b,no
seed_pinn_full64_candidate_boxplots,plots/comparison/seed_robustness/pinn_full64/seed_robust_candidate_boxplots.png,seed_robustness,candidate_distribution,pinn_full64,boxplot_distribution,appendix_candidate,"APPENDIX. The PRIMARY selection evidence for this model: how C5 was chosen. Diagnostic about the SELECTION PROCESS, not final performance - final numbers come from tables/.","x: candidate (search rank 1-10, categorical); y: validation horizon T_h in PHYSICAL simulation time","pinn_full64: the 15-seed validation-horizon distribution of each of its 10 re-ranked candidates (10 boxes x 15 seeds = 150 points). Green = the seed-robust winner C5, at search rank 5. There is NO published-candidate marker for this model: the superseded v002 configuration came from a different, zero-weight search and is not among candidates C1-C10, so marking one of them 'published' would be false.","C5 was selected by the highest median validation horizon across 15 seeds (9301101-9301115), validation only. The P3 single-seed search-time optimum (C1, search rank 1, 31.2) was NOT robust under seed repetition: its 15-seed median is 12.4. Validation evidence only; says nothing about the test split.",package_generated_from_staged_provenance_csv,stage_7b,no
abl_pinn_full64_paired_active_vs_zero_weight,plots/comparison/pinn_full64_physics_ablation/paired_active_vs_zero_weight.png,comparison,physics_ablation,pinn_full64,paired_slope_and_difference,appendix_candidate,"APPENDIX. The only controlled active-versus-zero physics evidence in the study, and it is VALIDATION ONLY by design. Do not present it as test evidence.",(a) x: arm (categorical: active / zero-weight); y: validation horizon T_h in PHYSICAL simulation time. (b) x: seed (categorical); y: paired difference in the same units,"pinn_full64: 15 seeds evaluated with the physics weight active (lambda = 1.2346683760352606e-07) and with it set to zero, paired by seed; only lambda_phy differed. Active median 19.8 vs zero-weight 14.8; median paired difference +2.1; active better on 11 of 15 seeds, zero-weight on 4, 0 ties.","VALIDATION ONLY - no active-versus-zero comparison exists on the held-out test split. A descriptive paired comparison for ONE configuration whose hyperparameters were themselves tuned with physics active, which favours the active arm. Not a significance test: no p-value, no confidence interval. The zero-weight arm shows marginally better post-threshold boundedness (finite relative-L2 fraction 0.1074 vs 0.0946). Does not support a general claim about physics-informed training.",package_generated_from_staged_provenance_csv,stage_7b,no
