case_id,model,representation,optimizer,source_run_id,source_search_order,search_stage,trial,status,hidden_dim,learning_rate,beta_multistep,lambda_phy,multistep_horizon,random_seed,depth,epochs,valid_relative_l2_horizon_time
pinn_full64,PINN,full64,forest,pinn_full64_v003_physics_active_p3_forest_attempt01,1,v003 physics-active positive-weight search (P3),1,ok,384,0.0006871881794810671,0.6886952030936903,3.995030244015282e-08,7,27188002,3,160,9.0
pinn_full64,PINN,full64,forest,pinn_full64_v003_physics_active_p3_forest_attempt01,1,v003 physics-active positive-weight search (P3),2,ok,384,0.00015995229773278083,0.2800438387377745,1.2892507828017194e-07,3,27188003,3,160,9.700000000000001
pinn_full64,PINN,full64,forest,pinn_full64_v003_physics_active_p3_forest_attempt01,1,v003 physics-active positive-weight search (P3),3,ok,256,0.0004055013727136625,0.25133713454434253,1.1004653262634419e-07,7,27188004,3,140,11.700000000000001
pinn_full64,PINN,full64,forest,pinn_full64_v003_physics_active_p3_forest_attempt01,1,v003 physics-active positive-weight search (P3),4,ok,384,0.0002562858395954662,0.43155877458417025,4.478823430888024e-08,3,27188005,4,180,11.600000000000001
pinn_full64,PINN,full64,forest,pinn_full64_v003_physics_active_p3_forest_attempt01,1,v003 physics-active positive-weight search (P3),5,ok,512,0.00039343265564042144,0.2678393870621575,1.937549481153602e-07,7,27188006,3,160,10.8
pinn_full64,PINN,full64,forest,pinn_full64_v003_physics_active_p3_forest_attempt01,1,v003 physics-active positive-weight search (P3),6,ok,256,0.0004899955518408045,0.17710167976692462,2.45060411239821e-07,7,27188007,4,140,9.700000000000001
pinn_full64,PINN,full64,forest,pinn_full64_v003_physics_active_p3_forest_attempt01,1,v003 physics-active positive-weight search (P3),7,ok,384,0.00037232525510755125,0.6851892651326243,5.1015531093488004e-08,7,27188008,4,160,16.5
pinn_full64,PINN,full64,forest,pinn_full64_v003_physics_active_p3_forest_attempt01,1,v003 physics-active positive-weight search (P3),8,ok,384,0.000619155341978418,0.2870202912691066,4.191932856536449e-07,7,27188009,4,180,13.3
pinn_full64,PINN,full64,forest,pinn_full64_v003_physics_active_p3_forest_attempt01,1,v003 physics-active positive-weight search (P3),9,ok,384,0.00018082472005619235,0.7825922828632997,1.4325637671951795e-06,5,27188010,3,180,11.600000000000001
pinn_full64,PINN,full64,forest,pinn_full64_v003_physics_active_p3_forest_attempt01,1,v003 physics-active positive-weight search (P3),10,ok,256,0.0001705463077291924,0.16013706858850496,1.1266602195924777e-07,5,27188011,4,180,11.700000000000001
pinn_full64,PINN,full64,forest,pinn_full64_v003_physics_active_p3_forest_attempt01,1,v003 physics-active positive-weight search (P3),11,ok,256,0.00021246713625766803,0.3856830771599844,5.19706042630151e-08,7,27188012,4,160,18.400000000000002
pinn_full64,PINN,full64,forest,pinn_full64_v003_physics_active_p3_forest_attempt01,1,v003 physics-active positive-weight search (P3),12,ok,384,0.00036327629099150904,0.5709335046555666,9.96789071592929e-08,3,27188013,4,140,9.4
pinn_full64,PINN,full64,forest,pinn_full64_v003_physics_active_p3_forest_attempt01,1,v003 physics-active positive-weight search (P3),13,ok,384,0.0003982726445066988,0.35441312152023063,1.350528426170994e-07,5,27188014,3,140,21.6
pinn_full64,PINN,full64,forest,pinn_full64_v003_physics_active_p3_forest_attempt01,1,v003 physics-active positive-weight search (P3),14,ok,256,0.00019080334863841924,0.7213141228108787,1.855355578494109e-06,7,27188015,3,180,10.0
pinn_full64,PINN,full64,forest,pinn_full64_v003_physics_active_p3_forest_attempt01,1,v003 physics-active positive-weight search (P3),15,ok,384,0.000513807219022419,0.40715800148414527,4.3230070863827566e-08,5,27188016,3,180,9.4
pinn_full64,PINN,full64,forest,pinn_full64_v003_physics_active_p3_forest_attempt01,1,v003 physics-active positive-weight search (P3),16,ok,512,0.00019555015269754364,0.6588167517808791,1.0703347901341081e-07,5,27188017,4,160,17.1
pinn_full64,PINN,full64,forest,pinn_full64_v003_physics_active_p3_forest_attempt01,1,v003 physics-active positive-weight search (P3),17,ok,384,0.0001549188219722916,0.33792127748612727,6.601519688430554e-08,5,27188018,3,140,10.4
pinn_full64,PINN,full64,forest,pinn_full64_v003_physics_active_p3_forest_attempt01,1,v003 physics-active positive-weight search (P3),18,ok,512,0.00026019889949097964,0.40962667407867526,1.0669053797128887e-07,5,27188019,3,140,8.1
pinn_full64,PINN,full64,forest,pinn_full64_v003_physics_active_p3_forest_attempt01,1,v003 physics-active positive-weight search (P3),19,ok,512,0.0003228119496974019,0.25259338634929296,2.434325299157863e-07,5,27188020,3,140,11.0
pinn_full64,PINN,full64,forest,pinn_full64_v003_physics_active_p3_forest_attempt01,1,v003 physics-active positive-weight search (P3),20,ok,384,0.0006148083977827308,0.3310709778779202,1.8197192843398153e-07,5,27188021,3,140,14.4
pinn_full64,PINN,full64,forest,pinn_full64_v003_physics_active_p3_forest_attempt01,1,v003 physics-active positive-weight search (P3),21,ok,384,0.0005458764492570288,0.31852796921798454,1.1064423429556672e-06,5,27188022,3,140,15.600000000000001
pinn_full64,PINN,full64,forest,pinn_full64_v003_physics_active_p3_forest_attempt01,1,v003 physics-active positive-weight search (P3),22,ok,384,0.0004120521959295915,0.33917334305470337,1.6683418347568378e-07,7,27188023,3,140,8.5
pinn_full64,PINN,full64,forest,pinn_full64_v003_physics_active_p3_forest_attempt01,1,v003 physics-active positive-weight search (P3),23,ok,384,0.0004320193172745633,0.33405208859881885,1.247627810138763e-07,5,27188024,3,140,16.400000000000002
pinn_full64,PINN,full64,forest,pinn_full64_v003_physics_active_p3_forest_attempt01,1,v003 physics-active positive-weight search (P3),24,ok,384,0.0003977457673771867,0.5106696103573719,4.115008177141973e-08,5,27188025,3,140,8.8
pinn_full64,PINN,full64,forest,pinn_full64_v003_physics_active_p3_forest_attempt01,1,v003 physics-active positive-weight search (P3),25,ok,256,0.00041260103404606216,0.3355912502655089,1.3747560863563715e-07,5,27188026,3,160,10.600000000000001
pinn_full64,PINN,full64,forest,pinn_full64_v003_physics_active_p3_forest_attempt01,1,v003 physics-active positive-weight search (P3),26,ok,384,0.00039923070957099564,0.3589499672270623,4.431576528976035e-07,5,27188027,3,140,13.5
pinn_full64,PINN,full64,forest,pinn_full64_v003_physics_active_p3_forest_attempt01,1,v003 physics-active positive-weight search (P3),27,ok,384,0.0003787031683039292,0.3743934239879606,1.201220983611037e-07,5,27188028,3,140,11.100000000000001
pinn_full64,PINN,full64,forest,pinn_full64_v003_physics_active_p3_forest_attempt01,1,v003 physics-active positive-weight search (P3),28,ok,384,0.0004333453092137626,0.1774553028902693,1.3361982497649913e-07,5,27188029,3,140,10.700000000000001
pinn_full64,PINN,full64,forest,pinn_full64_v003_physics_active_p3_forest_attempt01,1,v003 physics-active positive-weight search (P3),29,ok,384,0.0004790916706674435,0.3372426695817764,1.3944521921185042e-07,5,27188030,3,180,8.4
pinn_full64,PINN,full64,forest,pinn_full64_v003_physics_active_p3_forest_attempt01,1,v003 physics-active positive-weight search (P3),30,ok,384,0.0005603947230582752,0.35935835273328803,1.3879820138566854e-07,3,27188031,3,140,7.7
pinn_full64,PINN,full64,forest,pinn_full64_v003_physics_active_p3_forest_attempt01,1,v003 physics-active positive-weight search (P3),31,ok,384,0.0003950180824091377,0.3555945741109857,1.133436650641263e-07,5,27188032,3,140,12.0
pinn_full64,PINN,full64,forest,pinn_full64_v003_physics_active_p3_forest_attempt01,1,v003 physics-active positive-weight search (P3),32,ok,384,0.0005181041758344804,0.20190382064372628,1.373768982515306e-07,5,27188033,3,140,12.100000000000001
pinn_full64,PINN,full64,forest,pinn_full64_v003_physics_active_p3_forest_attempt01,1,v003 physics-active positive-weight search (P3),33,ok,384,0.00040091392758345506,0.3473114658852309,2.0398228384413326e-07,5,27188034,3,140,16.2
pinn_full64,PINN,full64,forest,pinn_full64_v003_physics_active_p3_forest_attempt01,1,v003 physics-active positive-weight search (P3),34,ok,384,0.0003739584827690331,0.41511498303215655,1.3064438695203074e-07,5,27188035,3,140,10.9
pinn_full64,PINN,full64,forest,pinn_full64_v003_physics_active_p3_forest_attempt01,1,v003 physics-active positive-weight search (P3),35,ok,384,0.0003959102312569399,0.21114914196223353,4.1898328444562146e-08,7,27188036,4,160,9.600000000000001
pinn_full64,PINN,full64,forest,pinn_full64_v003_physics_active_p3_forest_attempt01,1,v003 physics-active positive-weight search (P3),36,ok,512,0.0005500734618475372,0.4141927178570698,3.0427301470400196e-08,5,27188037,4,160,14.5
pinn_full64,PINN,full64,forest,pinn_full64_v003_physics_active_p3_forest_attempt01,1,v003 physics-active positive-weight search (P3),37,ok,512,0.00022786191450169558,0.33106505723792656,7.447573253424996e-08,5,27188038,4,160,15.100000000000001
pinn_full64,PINN,full64,forest,pinn_full64_v003_physics_active_p3_forest_attempt01,1,v003 physics-active positive-weight search (P3),38,ok,256,0.00019220223723859567,0.23035547756189337,5.342747537183197e-08,7,27188039,4,160,9.200000000000001
pinn_full64,PINN,full64,forest,pinn_full64_v003_physics_active_p3_forest_attempt01,1,v003 physics-active positive-weight search (P3),39,ok,256,0.00023168260671104808,0.39049335554716413,5.266483964499458e-08,5,27188040,4,160,8.6
pinn_full64,PINN,full64,forest,pinn_full64_v003_physics_active_p3_forest_attempt01,1,v003 physics-active positive-weight search (P3),40,ok,256,0.00018857109850411142,0.5648928401315484,8.346421336002577e-08,7,27188041,4,160,11.100000000000001
pinn_full64,PINN,full64,forest,pinn_full64_v003_physics_active_p3_forest_attempt01,1,v003 physics-active positive-weight search (P3),41,ok,256,0.00019998940295538786,0.48746587829441046,6.617443174199249e-08,7,27188042,4,160,18.0
pinn_full64,PINN,full64,forest,pinn_full64_v003_physics_active_p3_forest_attempt01,1,v003 physics-active positive-weight search (P3),42,ok,256,0.0001952580690473985,0.38407545124974596,7.11273939136043e-07,7,27188043,4,160,9.5
pinn_full64,PINN,full64,forest,pinn_full64_v003_physics_active_p3_forest_attempt01,1,v003 physics-active positive-weight search (P3),43,ok,256,0.00020424434889420746,0.7584285820057657,5.0652875848214836e-08,7,27188044,4,160,10.700000000000001
pinn_full64,PINN,full64,forest,pinn_full64_v003_physics_active_p3_forest_attempt01,1,v003 physics-active positive-weight search (P3),44,ok,256,0.0002053014268128856,0.43371735543091916,4.853208106332232e-08,7,27188045,4,140,14.200000000000001
pinn_full64,PINN,full64,forest,pinn_full64_v003_physics_active_p3_forest_attempt01,1,v003 physics-active positive-weight search (P3),45,ok,384,0.00041065803570169724,0.3545863829519881,7.80810776828263e-08,5,27188046,3,140,8.700000000000001
pinn_full64,PINN,full64,forest,pinn_full64_v003_physics_active_p3_forest_attempt01,1,v003 physics-active positive-weight search (P3),46,ok,256,0.00035650872409350375,0.3951453561751128,6.174283836238099e-08,5,27188047,4,160,9.5
pinn_full64,PINN,full64,forest,pinn_full64_v003_physics_active_p3_forest_attempt01,1,v003 physics-active positive-weight search (P3),47,ok,384,0.00030850955072715225,0.3450639933369841,1.69144975087795e-07,5,27188048,3,140,8.8
pinn_full64,PINN,full64,forest,pinn_full64_v003_physics_active_p3_forest_attempt01,1,v003 physics-active positive-weight search (P3),48,ok,256,0.00020888345848771122,0.39337476731115145,5.705670366780362e-08,7,27188049,4,180,18.900000000000002
pinn_full64,PINN,full64,forest,pinn_full64_v003_physics_active_p3_forest_attempt01,1,v003 physics-active positive-weight search (P3),49,ok,256,0.00023461725653244446,0.3957884125651331,5.210523675938286e-08,7,27188050,4,160,9.4
pinn_full64,PINN,full64,forest,pinn_full64_v003_physics_active_p3_forest_attempt01,1,v003 physics-active positive-weight search (P3),50,ok,256,0.00021935989761876528,0.39886631634438,7.729936805625569e-08,7,27188051,4,160,12.4
pinn_full64,PINN,full64,forest,pinn_full64_v003_physics_active_p3_forest_attempt01,1,v003 physics-active positive-weight search (P3),51,ok,256,0.00015463014615966933,0.4141637627379281,6.106654140774344e-08,7,27188052,4,180,9.600000000000001
pinn_full64,PINN,full64,forest,pinn_full64_v003_physics_active_p3_forest_attempt01,1,v003 physics-active positive-weight search (P3),52,ok,256,0.00019641884429618848,0.37722575262049773,5.677888019746735e-08,7,27188053,4,180,12.4
pinn_full64,PINN,full64,forest,pinn_full64_v003_physics_active_p3_forest_attempt01,1,v003 physics-active positive-weight search (P3),53,ok,384,0.00039936343726969584,0.34671414967868963,8.420954465156225e-07,7,27188054,3,140,14.9
pinn_full64,PINN,full64,forest,pinn_full64_v003_physics_active_p3_forest_attempt01,1,v003 physics-active positive-weight search (P3),54,ok,256,0.00019995879845838133,0.48791356515468465,6.523835014023017e-08,7,27188055,4,160,16.6
pinn_full64,PINN,full64,forest,pinn_full64_v003_physics_active_p3_forest_attempt01,1,v003 physics-active positive-weight search (P3),55,ok,256,0.00021256140619483737,0.4655646278908391,7.802085820399143e-08,7,27188056,4,160,17.400000000000002
pinn_full64,PINN,full64,forest,pinn_full64_v003_physics_active_p3_forest_attempt01,1,v003 physics-active positive-weight search (P3),56,ok,256,0.00019966739349561703,0.4794510212726212,7.407454849145563e-08,7,27188057,4,160,8.700000000000001
pinn_full64,PINN,full64,forest,pinn_full64_v003_physics_active_p3_forest_attempt01,1,v003 physics-active positive-weight search (P3),57,ok,256,0.0002112404209569406,0.5359953756446771,8.85445519185613e-08,7,27188058,4,160,8.8
pinn_full64,PINN,full64,forest,pinn_full64_v003_physics_active_p3_forest_attempt01,1,v003 physics-active positive-weight search (P3),58,ok,256,0.00020982112248271818,0.3695218601611817,4.9593734407456724e-08,7,27188059,4,160,9.4
pinn_full64,PINN,full64,forest,pinn_full64_v003_physics_active_p3_forest_attempt01,1,v003 physics-active positive-weight search (P3),59,ok,256,0.0004032301932882947,0.49683449212090125,6.53202151150921e-08,7,27188060,4,160,17.1
pinn_full64,PINN,full64,forest,pinn_full64_v003_physics_active_p3_forest_attempt01,1,v003 physics-active positive-weight search (P3),60,ok,256,0.0004391985826801264,0.4954813703747408,7.194582130974457e-08,7,27188061,4,160,15.200000000000001
pinn_full64,PINN,full64,forest,pinn_full64_v003_physics_active_p3_forest_attempt01,1,v003 physics-active positive-weight search (P3),61,ok,256,0.00021023468049041728,0.4905747774962531,6.324577361600849e-08,7,27188062,4,160,15.3
pinn_full64,PINN,full64,forest,pinn_full64_v003_physics_active_p3_forest_attempt01,1,v003 physics-active positive-weight search (P3),62,ok,256,0.0001910331979648933,0.48607868008018384,5.1158119852732396e-08,7,27188063,4,160,19.5
pinn_full64,PINN,full64,forest,pinn_full64_v003_physics_active_p3_forest_attempt01,1,v003 physics-active positive-weight search (P3),63,ok,256,0.00022078187560304263,0.47507710658808033,5.3547803497575255e-08,7,27188064,4,160,21.6
pinn_full64,PINN,full64,forest,pinn_full64_v003_physics_active_p3_forest_attempt01,1,v003 physics-active positive-weight search (P3),64,ok,256,0.00022161110167204738,0.5061458453184322,5.4376250974828603e-08,7,27188065,4,160,13.3
pinn_full64,PINN,full64,forest,pinn_full64_v003_physics_active_p3_forest_attempt01,1,v003 physics-active positive-weight search (P3),65,ok,256,0.00028479941988613906,0.4712327803772344,5.329629110697902e-08,7,27188066,4,160,18.8
pinn_full64,PINN,full64,forest,pinn_full64_v003_physics_active_p3_forest_attempt01,1,v003 physics-active positive-weight search (P3),66,ok,384,0.0002458029185183495,0.4699565723101726,3.438075717025902e-08,7,27188067,4,160,10.8
pinn_full64,PINN,full64,forest,pinn_full64_v003_physics_active_p3_forest_attempt01,1,v003 physics-active positive-weight search (P3),67,ok,256,0.000236408437831394,0.4749029536014232,3.315602582976174e-08,7,27188068,4,180,10.3
pinn_full64,PINN,full64,forest,pinn_full64_v003_physics_active_p3_forest_attempt01,1,v003 physics-active positive-weight search (P3),68,ok,384,0.00016646932126629962,0.49221580515730756,5.376900789230101e-08,7,27188069,4,160,16.8
pinn_full64,PINN,full64,forest,pinn_full64_v003_physics_active_p3_forest_attempt01,1,v003 physics-active positive-weight search (P3),69,ok,256,0.0004881795847782509,0.4810898603732212,5.8000060393570996e-08,7,27188070,4,160,8.5
pinn_full64,PINN,full64,forest,pinn_full64_v003_physics_active_p3_forest_attempt01,1,v003 physics-active positive-weight search (P3),70,ok,256,0.00022754408249662017,0.44809922394221,5.5060511164639116e-08,7,27188071,4,160,10.4
pinn_full64,PINN,full64,forest,pinn_full64_v003_physics_active_p3_forest_attempt01,1,v003 physics-active positive-weight search (P3),71,ok,256,0.00034714011342186854,0.4798436986366834,5.720876517621401e-08,7,27188072,4,160,12.3
pinn_full64,PINN,full64,forest,pinn_full64_v003_physics_active_p3_forest_attempt01,1,v003 physics-active positive-weight search (P3),72,ok,256,0.00024047627078499538,0.5692767798933024,5.2730034339186e-08,7,27188073,4,160,9.3
pinn_full64,PINN,full64,forest,pinn_full64_v003_physics_active_p3_forest_attempt01,1,v003 physics-active positive-weight search (P3),73,ok,384,0.00020943070654024114,0.4752085116279069,5.108503758445056e-08,7,27188074,4,160,10.4
pinn_full64,PINN,full64,forest,pinn_full64_v003_physics_active_p3_forest_attempt01,1,v003 physics-active positive-weight search (P3),74,ok,256,0.00015638612959668175,0.4659882155357703,3.5657612071500264e-08,7,27188075,4,160,8.4
pinn_full64,PINN,full64,forest,pinn_full64_v003_physics_active_p3_forest_attempt01,1,v003 physics-active positive-weight search (P3),75,ok,256,0.0002020256630053771,0.473200874518403,5.232992163716836e-08,7,27188076,4,140,16.8
pinn_full64,PINN,full64,forest,pinn_full64_v003_physics_active_p3_forest_attempt01,1,v003 physics-active positive-weight search (P3),76,ok,256,0.00020722458761053412,0.4781790639259066,6.690300952003206e-08,7,27188077,4,160,12.100000000000001
pinn_full64,PINN,full64,forest,pinn_full64_v003_physics_active_p3_forest_attempt01,1,v003 physics-active positive-weight search (P3),77,ok,256,0.00015891944589685897,0.4641797569740872,4.97469701106093e-08,7,27188078,4,160,12.600000000000001
pinn_full64,PINN,full64,forest,pinn_full64_v003_physics_active_p3_forest_attempt01,1,v003 physics-active positive-weight search (P3),78,ok,256,0.0001767697378115569,0.4750601989147447,5.204842320516318e-08,7,27188079,4,180,19.5
pinn_full64,PINN,full64,forest,pinn_full64_v003_physics_active_p3_forest_attempt01,1,v003 physics-active positive-weight search (P3),79,ok,256,0.00018785358421881062,0.49737110985328237,6.045056776018135e-08,7,27188080,4,160,18.1
pinn_full64,PINN,full64,forest,pinn_full64_v003_physics_active_p3_forest_attempt01,1,v003 physics-active positive-weight search (P3),80,ok,256,0.0001908035438557949,0.5218511445903651,5.306283172379592e-08,7,27188081,4,180,15.8
