case_id,model,representation,optimizer,source_run_id,source_search_order,search_stage,source_relative_path,source_sha256,source_row_count,extracted_relative_path,extracted_sha256,extracted_row_count,required_parameter_count,canonical_config_relative_path
ngrc_full64,NGRC,full64,dummy,ngrc_full64_optimizer_search_v003_stable_ridge,0,single-stage final,experiments/forecasting/ngrc/search/optimizer/ngrc_full64_optimizer_search_v003_stable_ridge/dummy/optimizer_results.csv,5cb5689bb963f25fa99dbd04f45b1f379ede4514fb286d2e03ff53753002c16e,120,ngrc_full64/dummy/optimizer_results.csv,e4b4970b7dde2f0c8e800d02773c4904e9d11de71b8e11af758b7c0660687f7c,120,6,final_thesis_package_v001/configs/03_plots/optimizer_search_ngrc.json
ngrc_full64,NGRC,full64,forest,ngrc_full64_optimizer_search_v003_stable_ridge,0,single-stage final,experiments/forecasting/ngrc/search/optimizer/ngrc_full64_optimizer_search_v003_stable_ridge/forest/optimizer_results.csv,58665cb5634171bb4e3c5f7de86ca24dd5f1a5e8ffca1688e2841c722a0966b1,120,ngrc_full64/forest/optimizer_results.csv,a4bdd88c5d0f3eb7f510f0a10b245560005c011d1a27f0d5e2e50156c41b7178,120,6,final_thesis_package_v001/configs/03_plots/optimizer_search_ngrc.json
ngrc_full64,NGRC,full64,gbrt,ngrc_full64_optimizer_search_v003_stable_ridge,0,single-stage final,experiments/forecasting/ngrc/search/optimizer/ngrc_full64_optimizer_search_v003_stable_ridge/gbrt/optimizer_results.csv,a2aadd5f99aa337019a96a142ea2899983800539719014153ba62d56cf4730dd,120,ngrc_full64/gbrt/optimizer_results.csv,3af23e317493b2442b2fc7b2675c5bcffcbcc53f0b52c2ac22e361415da55676,120,6,final_thesis_package_v001/configs/03_plots/optimizer_search_ngrc.json
ngrc_full64,NGRC,full64,gp,ngrc_full64_optimizer_search_v003_stable_ridge,0,single-stage final,experiments/forecasting/ngrc/search/optimizer/ngrc_full64_optimizer_search_v003_stable_ridge/gp/optimizer_results.csv,77ca1c9353fcb64235834b47136136686435207947ee3c6a86b879dfc5e260a8,120,ngrc_full64/gp/optimizer_results.csv,9d6f23170b1dbebab51e71f54873ecd5d91d8279a33f10fc0545cf52fd63e454,120,6,final_thesis_package_v001/configs/03_plots/optimizer_search_ngrc.json
ngrc_latent8,NGRC,latent8,dummy,ngrc_latent8_optimizer_search_v002,0,final (dummy+gp leg),experiments/forecasting/ngrc/search/optimizer/ngrc_latent8_optimizer_search_v002/dummy/optimizer_results.csv,ec3b666746accf81d8e42c3e0dc31f5b08796ac4ab703c1f348f183020b5f1d9,140,ngrc_latent8/dummy/optimizer_results.csv,99de02488dad95a26ec901bab5af6e1de82ff023adcac99bb5784caa831917f4,140,6,final_thesis_package_v001/configs/03_plots/optimizer_search_ngrc.json
ngrc_latent8,NGRC,latent8,forest,ngrc_latent8_optimizer_tree_search_v002,1,final (forest+gbrt leg),experiments/forecasting/ngrc/search/optimizer/ngrc_latent8_optimizer_tree_search_v002/forest/optimizer_results.csv,e1209c74bcbe55116df1a731a004e534e5d4918c8d6278497b6cd2a792340c33,140,ngrc_latent8/forest/optimizer_results.csv,45788db4d100e79f283e211b047aa266f785a7883a8d68a0833b2ae69cbf04f7,140,6,final_thesis_package_v001/configs/03_plots/optimizer_search_ngrc.json
ngrc_latent8,NGRC,latent8,gbrt,ngrc_latent8_optimizer_tree_search_v002,1,final (forest+gbrt leg),experiments/forecasting/ngrc/search/optimizer/ngrc_latent8_optimizer_tree_search_v002/gbrt/optimizer_results.csv,177e42d7f3884158ac567fcdc1bb46a6ef50d953c86821f6df0feb6e79dbcae2,140,ngrc_latent8/gbrt/optimizer_results.csv,3a537b83456c99bf06fd1d6bc32b6e3b02ee5cfbc5810778fed7f8ad9276a5d6,140,6,final_thesis_package_v001/configs/03_plots/optimizer_search_ngrc.json
ngrc_latent8,NGRC,latent8,gp,ngrc_latent8_optimizer_search_v002,0,final (dummy+gp leg),experiments/forecasting/ngrc/search/optimizer/ngrc_latent8_optimizer_search_v002/gp/optimizer_results.csv,596839cb88e5dea26fd39a9d201190d61b176478ca05aaf757740805ffcd8a69,140,ngrc_latent8/gp/optimizer_results.csv,ef6ab38e48b6b98db471a4fd52fcda8e63cdd8211f1f7a1b49dee6cb72350a7c,140,6,final_thesis_package_v001/configs/03_plots/optimizer_search_ngrc.json
perc_full64,PERC,full64,dummy,perc_full64_optimizer_search_v003,0,single-stage final,experiments/forecasting/perc/search/optimizer/perc_full64_optimizer_search_v003/dummy/optimizer_results.csv,c6708af1ddeeedfdbe543315c3fea02bebc9fde6e0becea56cff2dc0d6e1bfba,80,perc_full64/dummy/optimizer_results.csv,03b4e11255e5cf13cb4c43a94059b69de462c8397af3701117ee622eb85fc684,80,7,final_thesis_package_v001/configs/03_plots/optimizer_search_perc.json
perc_full64,PERC,full64,forest,perc_full64_optimizer_search_v003,0,single-stage final,experiments/forecasting/perc/search/optimizer/perc_full64_optimizer_search_v003/forest/optimizer_results.csv,90382ed4d21fd2eef15693315963b4c2c099cea12e7598553cc771142c0297a6,80,perc_full64/forest/optimizer_results.csv,6201d3dfc2574762c824a7471d358e50d9fac9b09ac40d5a36647eb54410e0ac,80,7,final_thesis_package_v001/configs/03_plots/optimizer_search_perc.json
perc_full64,PERC,full64,gbrt,perc_full64_optimizer_search_v003,0,single-stage final,experiments/forecasting/perc/search/optimizer/perc_full64_optimizer_search_v003/gbrt/optimizer_results.csv,f5c5d25a7fd09654b7e1978cd66b2f4534d4392a4e0b64a35502cdd18d218513,80,perc_full64/gbrt/optimizer_results.csv,9c65d97d9cd4a5828c73feb70732c8de285492f15945744ec436fabe69e1c9c2,80,7,final_thesis_package_v001/configs/03_plots/optimizer_search_perc.json
perc_full64,PERC,full64,gp,perc_full64_optimizer_search_v003,0,single-stage final,experiments/forecasting/perc/search/optimizer/perc_full64_optimizer_search_v003/gp/optimizer_results.csv,e8500d15508aa6dea9ecf53785208ca142d4cc32b5e13d825718bd69b21afbb2,80,perc_full64/gp/optimizer_results.csv,63ff3fb1c8de03a7a22d1f00dd6d937e20d9659e9db57ee06c5c5763da5925fe,80,7,final_thesis_package_v001/configs/03_plots/optimizer_search_perc.json
perc_latent8,PERC,latent8,dummy,perc_latent8_optimizer_search_v002,0,single-stage final,experiments/forecasting/perc/search/optimizer/perc_latent8_optimizer_search_v002/dummy/optimizer_results.csv,8e7fbd30394037a661aac66e9a41e496ac5365516fda90ff5920404a1a7837b8,100,perc_latent8/dummy/optimizer_results.csv,b779f18577bda0a6aa317b5eb90bde2467f997b3d863b8519a53020fc6c05e20,100,7,final_thesis_package_v001/configs/03_plots/optimizer_search_perc.json
perc_latent8,PERC,latent8,forest,perc_latent8_optimizer_search_v002,0,single-stage final,experiments/forecasting/perc/search/optimizer/perc_latent8_optimizer_search_v002/forest/optimizer_results.csv,f812427d6a7a836ecd72c6b8840ed93c9160a41fc6d4e1a90eaf888ffddd10a7,100,perc_latent8/forest/optimizer_results.csv,8a0c0140cd247a06a17726666a8846d81b24d7fc3c1ce327e0fdbc472d6c07d6,100,7,final_thesis_package_v001/configs/03_plots/optimizer_search_perc.json
perc_latent8,PERC,latent8,gbrt,perc_latent8_optimizer_search_v002,0,single-stage final,experiments/forecasting/perc/search/optimizer/perc_latent8_optimizer_search_v002/gbrt/optimizer_results.csv,eee5089503170f7221e1bfc83041abb98fc7d16458ba5387fb30e78a2c5c4989,100,perc_latent8/gbrt/optimizer_results.csv,429dcb4cc6ed3219858c8cc1aedc686e181890d89ebb730f56c71c764914380c,100,7,final_thesis_package_v001/configs/03_plots/optimizer_search_perc.json
perc_latent8,PERC,latent8,gp,perc_latent8_optimizer_search_v002,0,single-stage final,experiments/forecasting/perc/search/optimizer/perc_latent8_optimizer_search_v002/gp/optimizer_results.csv,10cc6a71f41670758f26c1f4f20382fed8302eb28e135472b7699345dfbbbdcd,100,perc_latent8/gp/optimizer_results.csv,c971da04c0681bfe7889f0385ae7160646de695d3c8ded7d6c86c44b2d9206e3,100,7,final_thesis_package_v001/configs/03_plots/optimizer_search_perc.json
pinn_full64,PINN,full64,dummy,pinn_full64_optimizer_search_v002_deterministic_dummy,0,deterministic-repair rerun (per-family dir),experiments/forecasting/pinn/search/optimizer/pinn_full64_optimizer_search_v002_deterministic_dummy/dummy/optimizer_results.csv,87d6d386b78dda7b2ae9ac4ca56b6225b865b7dcc453baeb68f1266fcbd71c20,80,pinn_full64/dummy/optimizer_results.csv,3ba771c497fd1c74a16e0e4fba35b8439deea001a05a8bc6c4667c8905ddc4b0,80,8,final_thesis_package_v001/configs/03_plots/optimizer_search_pinn.json
pinn_full64,PINN,full64,forest,pinn_full64_optimizer_search_v002_deterministic_forest,1,deterministic-repair rerun (per-family dir),experiments/forecasting/pinn/search/optimizer/pinn_full64_optimizer_search_v002_deterministic_forest/forest/optimizer_results.csv,bda6282e5f549868d4d0b7a1a16fca7535f6024d29596d92d618f615d7a62075,80,pinn_full64/forest/optimizer_results.csv,15202de03b92e007e6eb8f6528cfcdb1f7a1ffbbb8767a3dff73687453d32a1f,80,8,final_thesis_package_v001/configs/03_plots/optimizer_search_pinn.json
pinn_full64,PINN,full64,gbrt,pinn_full64_optimizer_search_v002_deterministic_gbrt,2,deterministic-repair rerun (per-family dir),experiments/forecasting/pinn/search/optimizer/pinn_full64_optimizer_search_v002_deterministic_gbrt/gbrt/optimizer_results.csv,2b9300175d90d750c331b758889de3be29fbc681d0081d5cdf7c43c964a63507,80,pinn_full64/gbrt/optimizer_results.csv,f4c0b823bc58915ce31aa21c675ad17734402e8057e75d8c25ff9e0a6a5fa9b2,80,8,final_thesis_package_v001/configs/03_plots/optimizer_search_pinn.json
pinn_full64,PINN,full64,gp,pinn_full64_optimizer_search_v002_deterministic_gp,3,deterministic-repair rerun (per-family dir),experiments/forecasting/pinn/search/optimizer/pinn_full64_optimizer_search_v002_deterministic_gp/gp/optimizer_results.csv,05d2b096bb2714656133d537dfe1ad13f160d05bceadb0801de26b5e530ceaa5,80,pinn_full64/gp/optimizer_results.csv,0e37d629ba3b68f6858e2127d7ae1d4217d44ef7bd5bb284e4a70803cedff9f5,80,8,final_thesis_package_v001/configs/03_plots/optimizer_search_pinn.json
pinn_latent8,PINN,latent8,dummy,pinn_latent8_optimizer_search_v001,0,single-stage final,experiments/forecasting/pinn/search/optimizer/pinn_latent8_optimizer_search_v001/dummy/optimizer_results.csv,1b1ec652fdf8dd0a1775170c10589e6d64008f2915e6211533db0b57fef031a1,80,pinn_latent8/dummy/optimizer_results.csv,e4bcf37d8b20fd824b4f1357d1b4a9193caaf7096d137371ea096c4e879c296a,80,8,final_thesis_package_v001/configs/03_plots/optimizer_search_pinn.json
pinn_latent8,PINN,latent8,forest,pinn_latent8_optimizer_search_v001,0,single-stage final,experiments/forecasting/pinn/search/optimizer/pinn_latent8_optimizer_search_v001/forest/optimizer_results.csv,3f328e2acec0d5daab91526caad7269abea5994df10799dac3782471cbbaf417,80,pinn_latent8/forest/optimizer_results.csv,d6abed99cb02c0b1c6a631fb1142c7e2a7218960822b7b90d18ba9581c152654,80,8,final_thesis_package_v001/configs/03_plots/optimizer_search_pinn.json
pinn_latent8,PINN,latent8,gbrt,pinn_latent8_optimizer_search_v001,0,single-stage final,experiments/forecasting/pinn/search/optimizer/pinn_latent8_optimizer_search_v001/gbrt/optimizer_results.csv,fcff6fd295a0a9e67b1c932cdb378c6808ddf80b55cb017e97b26f13dafb7d93,80,pinn_latent8/gbrt/optimizer_results.csv,86419a5018cac2f7ddd6f736b3f8ed6364875d68bc96950a88cbf88a61deeae0,80,8,final_thesis_package_v001/configs/03_plots/optimizer_search_pinn.json
pinn_latent8,PINN,latent8,gp,pinn_latent8_optimizer_search_v001,0,single-stage final,experiments/forecasting/pinn/search/optimizer/pinn_latent8_optimizer_search_v001/gp/optimizer_results.csv,8bfbdb189eeb559e44ab3c4484215a29dc035dc10fb6ed4dba8c61be02f51ab8,80,pinn_latent8/gp/optimizer_results.csv,585b243560974a10dc587bc62e91e397da45d411f3190388a1d5dff8a395fa51,80,8,final_thesis_package_v001/configs/03_plots/optimizer_search_pinn.json
rc_full64,RC,full64,dummy,rc_full64_optimizer_search_v002,0,single-stage final,experiments/forecasting/rc/search/optimizer/rc_full64_optimizer_search_v002/dummy/optimizer_results.csv,0fd1880fcd93fddbf7d3f95c5104e233f248ba0cbc26c913956b065356b27d45,80,rc_full64/dummy/optimizer_results.csv,2423dc893447ed834120943cb75fbbbf93edcb1366d1c6a8ec6957f01145906f,80,7,final_thesis_package_v001/configs/03_plots/optimizer_search_rc.json
rc_full64,RC,full64,forest,rc_full64_optimizer_search_v002,0,single-stage final,experiments/forecasting/rc/search/optimizer/rc_full64_optimizer_search_v002/forest/optimizer_results.csv,0739aca424ef4a85928992a0db30065c580256ba19813d5255f93ce7b01382e3,80,rc_full64/forest/optimizer_results.csv,133bb7efad867d9f6dd93a3d428ece1736ed5d3e332020705c7703e55fb10a20,80,7,final_thesis_package_v001/configs/03_plots/optimizer_search_rc.json
rc_full64,RC,full64,gbrt,rc_full64_optimizer_search_v002,0,single-stage final,experiments/forecasting/rc/search/optimizer/rc_full64_optimizer_search_v002/gbrt/optimizer_results.csv,7e2618c72ed8d6acda05ac78834e2a7078fd8bad92a502f6a7b7b76a69206bdd,80,rc_full64/gbrt/optimizer_results.csv,57f51e51d8ed64a4ae315816d2dd301345f09595af4672fd11434b21eed9c3b4,80,7,final_thesis_package_v001/configs/03_plots/optimizer_search_rc.json
rc_full64,RC,full64,gp,rc_full64_optimizer_search_v002,0,single-stage final,experiments/forecasting/rc/search/optimizer/rc_full64_optimizer_search_v002/gp/optimizer_results.csv,889250b6a1bd5587b05ffcc8f52fc0ab41a8221e4c6204c9075b71ecebe2b6b7,80,rc_full64/gp/optimizer_results.csv,f7f56f88a4e6ad2122eea94cf0de35b83311bfcb78fa7ac55d7e96c36b5d9ac6,80,7,final_thesis_package_v001/configs/03_plots/optimizer_search_rc.json
rc_latent8,RC,latent8,dummy,rc_latent8_optimizer_search_v002,0,single-stage final,experiments/forecasting/rc/search/optimizer/rc_latent8_optimizer_search_v002/dummy/optimizer_results.csv,db805bf0527ef2947aba0e033a6e5079d3e073c01d4137c97d33b43213e9d5f3,80,rc_latent8/dummy/optimizer_results.csv,00ac9da4590a94a95c26473f4dd4bbd910e8f560ad960c0718d1fb946288dbba,80,7,final_thesis_package_v001/configs/03_plots/optimizer_search_rc.json
rc_latent8,RC,latent8,forest,rc_latent8_optimizer_search_v002,0,single-stage final,experiments/forecasting/rc/search/optimizer/rc_latent8_optimizer_search_v002/forest/optimizer_results.csv,37654e9e2c9b66c9e5452eab173cabf0802fe1058bbaffb3de4a98b77bd0000c,80,rc_latent8/forest/optimizer_results.csv,25ccd4179dd4265a414bdb43f02d9a9d0866da8062370d4e6d9b6bbbf08660b0,80,7,final_thesis_package_v001/configs/03_plots/optimizer_search_rc.json
rc_latent8,RC,latent8,gbrt,rc_latent8_optimizer_search_v002,0,single-stage final,experiments/forecasting/rc/search/optimizer/rc_latent8_optimizer_search_v002/gbrt/optimizer_results.csv,df2c20e27501af0cedb90965d3dbc0d6f5b72105a8cbe8e290488fa5f8147484,80,rc_latent8/gbrt/optimizer_results.csv,b48b7d2f2d91c256cea114f03730e391b10349ea966d073613daf3eba2595046,80,7,final_thesis_package_v001/configs/03_plots/optimizer_search_rc.json
rc_latent8,RC,latent8,gp,rc_latent8_optimizer_search_v002,0,single-stage final,experiments/forecasting/rc/search/optimizer/rc_latent8_optimizer_search_v002/gp/optimizer_results.csv,51226bd575f242d7b1051f045092117e3b09d59efc2c7fd7fe2d6e229f32f80a,80,rc_latent8/gp/optimizer_results.csv,5ee7612641078d682161ae68af219fec995755c6f1954371068fef7e03291352,80,7,final_thesis_package_v001/configs/03_plots/optimizer_search_rc.json
