case_id,model,representation,optimizer,source_run_id,source_search_order,search_stage,trial,status,context_steps,delay_spacing,ridge_alpha,feature_set,quadratic_mode,include_bias,valid_relative_l2_horizon_time
ngrc_latent8,NGRC,latent8,forest,ngrc_latent8_optimizer_tree_search_v002,1,final (forest+gbrt leg),1,ok,2,1,5.849909667534508e-05,full,pairwise,False,10.5
ngrc_latent8,NGRC,latent8,forest,ngrc_latent8_optimizer_tree_search_v002,1,final (forest+gbrt leg),2,ok,6,1,0.0018754729950962582,full,pairwise,False,21.3
ngrc_latent8,NGRC,latent8,forest,ngrc_latent8_optimizer_tree_search_v002,1,final (forest+gbrt leg),3,ok,6,1,0.009759299869628538,full,pairwise,False,21.6
ngrc_latent8,NGRC,latent8,forest,ngrc_latent8_optimizer_tree_search_v002,1,final (forest+gbrt leg),4,ok,5,2,0.03992100947610225,linear_quadratic,pairwise,False,18.1
ngrc_latent8,NGRC,latent8,forest,ngrc_latent8_optimizer_tree_search_v002,1,final (forest+gbrt leg),5,ok,7,2,2.2534453603303114e-05,linear_quadratic,diagonal,False,8.200000000000001
ngrc_latent8,NGRC,latent8,forest,ngrc_latent8_optimizer_tree_search_v002,1,final (forest+gbrt leg),6,ok,6,2,0.0007421090837733917,full,pairwise,False,10.100000000000001
ngrc_latent8,NGRC,latent8,forest,ngrc_latent8_optimizer_tree_search_v002,1,final (forest+gbrt leg),7,ok,3,1,2.023824384953688e-05,full,diagonal,True,9.600000000000001
ngrc_latent8,NGRC,latent8,forest,ngrc_latent8_optimizer_tree_search_v002,1,final (forest+gbrt leg),8,ok,6,1,0.0002559478198502474,full,pairwise,True,18.8
ngrc_latent8,NGRC,latent8,forest,ngrc_latent8_optimizer_tree_search_v002,1,final (forest+gbrt leg),9,ok,3,1,8.037799606522549e-05,linear_quadratic,pairwise,False,17.3
ngrc_latent8,NGRC,latent8,forest,ngrc_latent8_optimizer_tree_search_v002,1,final (forest+gbrt leg),10,ok,6,2,0.0006343532916610289,linear_quadratic,pairwise,False,12.4
ngrc_latent8,NGRC,latent8,forest,ngrc_latent8_optimizer_tree_search_v002,1,final (forest+gbrt leg),11,ok,5,2,0.0513314736656918,linear_quadratic,pairwise,False,18.2
ngrc_latent8,NGRC,latent8,forest,ngrc_latent8_optimizer_tree_search_v002,1,final (forest+gbrt leg),12,ok,6,1,0.00019281267754535264,full,diagonal,True,9.3
ngrc_latent8,NGRC,latent8,forest,ngrc_latent8_optimizer_tree_search_v002,1,final (forest+gbrt leg),13,ok,2,1,0.03755225051521574,full,diagonal,True,5.7
ngrc_latent8,NGRC,latent8,forest,ngrc_latent8_optimizer_tree_search_v002,1,final (forest+gbrt leg),14,ok,4,1,0.00027488938858277333,full,diagonal,True,9.1
ngrc_latent8,NGRC,latent8,forest,ngrc_latent8_optimizer_tree_search_v002,1,final (forest+gbrt leg),15,ok,5,1,0.07029253678926273,linear_quadratic,diagonal,False,4.2
ngrc_latent8,NGRC,latent8,forest,ngrc_latent8_optimizer_tree_search_v002,1,final (forest+gbrt leg),16,ok,4,1,0.015824176959304156,linear_quadratic,pairwise,False,19.200000000000003
ngrc_latent8,NGRC,latent8,forest,ngrc_latent8_optimizer_tree_search_v002,1,final (forest+gbrt leg),17,ok,5,1,2.668015063946364e-05,linear_quadratic,pairwise,True,11.600000000000001
ngrc_latent8,NGRC,latent8,forest,ngrc_latent8_optimizer_tree_search_v002,1,final (forest+gbrt leg),18,ok,5,1,0.0007587112379626458,full,diagonal,True,9.4
ngrc_latent8,NGRC,latent8,forest,ngrc_latent8_optimizer_tree_search_v002,1,final (forest+gbrt leg),19,ok,7,1,0.00027697803983005596,linear_quadratic,pairwise,False,10.5
ngrc_latent8,NGRC,latent8,forest,ngrc_latent8_optimizer_tree_search_v002,1,final (forest+gbrt leg),20,ok,5,2,0.041371369331807455,full,pairwise,True,20.8
ngrc_latent8,NGRC,latent8,forest,ngrc_latent8_optimizer_tree_search_v002,1,final (forest+gbrt leg),21,ok,3,1,0.0012727765297591606,full,pairwise,True,21.6
ngrc_latent8,NGRC,latent8,forest,ngrc_latent8_optimizer_tree_search_v002,1,final (forest+gbrt leg),22,ok,7,1,1.1164359628034866e-05,linear_quadratic,diagonal,False,9.200000000000001
ngrc_latent8,NGRC,latent8,forest,ngrc_latent8_optimizer_tree_search_v002,1,final (forest+gbrt leg),23,ok,3,2,1.0267196242420985e-05,linear_quadratic,diagonal,True,6.4
ngrc_latent8,NGRC,latent8,forest,ngrc_latent8_optimizer_tree_search_v002,1,final (forest+gbrt leg),24,ok,5,1,0.0012063535947262807,linear_quadratic,pairwise,True,18.0
ngrc_latent8,NGRC,latent8,forest,ngrc_latent8_optimizer_tree_search_v002,1,final (forest+gbrt leg),25,ok,2,1,0.0037807632885758042,linear_quadratic,pairwise,True,21.3
ngrc_latent8,NGRC,latent8,forest,ngrc_latent8_optimizer_tree_search_v002,1,final (forest+gbrt leg),26,ok,6,2,1.2860301683070744e-05,linear_quadratic,pairwise,True,13.3
ngrc_latent8,NGRC,latent8,forest,ngrc_latent8_optimizer_tree_search_v002,1,final (forest+gbrt leg),27,ok,3,2,0.0024482243483036,full,diagonal,False,7.9
ngrc_latent8,NGRC,latent8,forest,ngrc_latent8_optimizer_tree_search_v002,1,final (forest+gbrt leg),28,ok,2,1,0.0004760990197599843,full,pairwise,False,11.9
ngrc_latent8,NGRC,latent8,forest,ngrc_latent8_optimizer_tree_search_v002,1,final (forest+gbrt leg),29,ok,3,2,0.007754026314824232,linear_quadratic,pairwise,True,18.7
ngrc_latent8,NGRC,latent8,forest,ngrc_latent8_optimizer_tree_search_v002,1,final (forest+gbrt leg),30,ok,4,1,1.2872360480491816e-05,linear_quadratic,diagonal,False,6.800000000000001
ngrc_latent8,NGRC,latent8,forest,ngrc_latent8_optimizer_tree_search_v002,1,final (forest+gbrt leg),31,ok,8,2,0.019653666722549794,linear_quadratic,diagonal,True,8.9
ngrc_latent8,NGRC,latent8,forest,ngrc_latent8_optimizer_tree_search_v002,1,final (forest+gbrt leg),32,ok,7,2,0.0009428254193553753,linear_quadratic,diagonal,True,8.6
ngrc_latent8,NGRC,latent8,forest,ngrc_latent8_optimizer_tree_search_v002,1,final (forest+gbrt leg),33,ok,7,1,0.0008831063439580651,linear_quadratic,pairwise,False,17.0
ngrc_latent8,NGRC,latent8,forest,ngrc_latent8_optimizer_tree_search_v002,1,final (forest+gbrt leg),34,ok,3,2,0.00010810435270119032,linear_quadratic,diagonal,True,6.800000000000001
ngrc_latent8,NGRC,latent8,forest,ngrc_latent8_optimizer_tree_search_v002,1,final (forest+gbrt leg),35,ok,8,1,0.0053421117658670105,linear_quadratic,pairwise,False,17.5
ngrc_latent8,NGRC,latent8,forest,ngrc_latent8_optimizer_tree_search_v002,1,final (forest+gbrt leg),36,ok,2,1,0.0022568200597183345,linear_quadratic,diagonal,False,4.1000000000000005
ngrc_latent8,NGRC,latent8,forest,ngrc_latent8_optimizer_tree_search_v002,1,final (forest+gbrt leg),37,ok,7,2,0.004203756186421541,linear_quadratic,diagonal,False,8.8
ngrc_latent8,NGRC,latent8,forest,ngrc_latent8_optimizer_tree_search_v002,1,final (forest+gbrt leg),38,ok,7,2,0.0036963683870720474,linear_quadratic,diagonal,False,8.700000000000001
ngrc_latent8,NGRC,latent8,forest,ngrc_latent8_optimizer_tree_search_v002,1,final (forest+gbrt leg),39,ok,8,2,0.003624942476080654,linear_quadratic,diagonal,False,8.3
ngrc_latent8,NGRC,latent8,forest,ngrc_latent8_optimizer_tree_search_v002,1,final (forest+gbrt leg),40,ok,7,2,0.0033241886756902187,linear_quadratic,diagonal,False,8.700000000000001
ngrc_latent8,NGRC,latent8,forest,ngrc_latent8_optimizer_tree_search_v002,1,final (forest+gbrt leg),41,ok,7,2,0.00288404354607822,linear_quadratic,diagonal,False,8.6
ngrc_latent8,NGRC,latent8,forest,ngrc_latent8_optimizer_tree_search_v002,1,final (forest+gbrt leg),42,ok,7,2,0.002967511438712043,linear_quadratic,diagonal,False,8.6
ngrc_latent8,NGRC,latent8,forest,ngrc_latent8_optimizer_tree_search_v002,1,final (forest+gbrt leg),43,ok,7,2,0.0026141499927572203,linear_quadratic,diagonal,False,8.6
ngrc_latent8,NGRC,latent8,forest,ngrc_latent8_optimizer_tree_search_v002,1,final (forest+gbrt leg),44,ok,7,2,0.0024860167511148758,linear_quadratic,diagonal,False,8.6
ngrc_latent8,NGRC,latent8,forest,ngrc_latent8_optimizer_tree_search_v002,1,final (forest+gbrt leg),45,ok,7,2,0.003138302824317539,linear_quadratic,diagonal,True,8.8
ngrc_latent8,NGRC,latent8,forest,ngrc_latent8_optimizer_tree_search_v002,1,final (forest+gbrt leg),46,ok,7,2,0.003218423317542163,linear_quadratic,diagonal,True,8.8
ngrc_latent8,NGRC,latent8,forest,ngrc_latent8_optimizer_tree_search_v002,1,final (forest+gbrt leg),47,ok,7,2,0.002849047124260305,linear_quadratic,diagonal,True,8.700000000000001
ngrc_latent8,NGRC,latent8,forest,ngrc_latent8_optimizer_tree_search_v002,1,final (forest+gbrt leg),48,ok,7,2,0.00275771420563335,full,diagonal,False,7.300000000000001
ngrc_latent8,NGRC,latent8,forest,ngrc_latent8_optimizer_tree_search_v002,1,final (forest+gbrt leg),49,ok,7,2,0.0027669433896043553,full,diagonal,True,8.0
ngrc_latent8,NGRC,latent8,forest,ngrc_latent8_optimizer_tree_search_v002,1,final (forest+gbrt leg),50,ok,7,2,0.0029073248326091836,linear_quadratic,diagonal,False,8.6
ngrc_latent8,NGRC,latent8,forest,ngrc_latent8_optimizer_tree_search_v002,1,final (forest+gbrt leg),51,ok,8,2,0.0028298010756288095,linear_quadratic,diagonal,False,8.3
ngrc_latent8,NGRC,latent8,forest,ngrc_latent8_optimizer_tree_search_v002,1,final (forest+gbrt leg),52,ok,7,2,0.0032467561290502774,linear_quadratic,diagonal,True,8.8
ngrc_latent8,NGRC,latent8,forest,ngrc_latent8_optimizer_tree_search_v002,1,final (forest+gbrt leg),53,ok,7,2,0.0030736797948994056,linear_quadratic,diagonal,True,8.8
ngrc_latent8,NGRC,latent8,forest,ngrc_latent8_optimizer_tree_search_v002,1,final (forest+gbrt leg),54,ok,7,2,0.0030578580921419994,linear_quadratic,diagonal,True,8.8
ngrc_latent8,NGRC,latent8,forest,ngrc_latent8_optimizer_tree_search_v002,1,final (forest+gbrt leg),55,ok,7,2,0.0031588432065434396,full,diagonal,False,7.300000000000001
ngrc_latent8,NGRC,latent8,forest,ngrc_latent8_optimizer_tree_search_v002,1,final (forest+gbrt leg),56,ok,7,2,0.003104702936850727,linear_quadratic,diagonal,True,8.8
ngrc_latent8,NGRC,latent8,forest,ngrc_latent8_optimizer_tree_search_v002,1,final (forest+gbrt leg),57,ok,7,2,0.002885617373120278,linear_quadratic,diagonal,True,8.700000000000001
ngrc_latent8,NGRC,latent8,forest,ngrc_latent8_optimizer_tree_search_v002,1,final (forest+gbrt leg),58,ok,7,2,0.0028391626109899775,linear_quadratic,diagonal,False,8.6
ngrc_latent8,NGRC,latent8,forest,ngrc_latent8_optimizer_tree_search_v002,1,final (forest+gbrt leg),59,ok,7,2,0.002833515326350489,linear_quadratic,diagonal,False,8.6
ngrc_latent8,NGRC,latent8,forest,ngrc_latent8_optimizer_tree_search_v002,1,final (forest+gbrt leg),60,ok,7,2,0.0031154326179543526,linear_quadratic,diagonal,True,8.8
ngrc_latent8,NGRC,latent8,forest,ngrc_latent8_optimizer_tree_search_v002,1,final (forest+gbrt leg),61,ok,7,2,0.003097880155164206,linear_quadratic,diagonal,False,8.6
ngrc_latent8,NGRC,latent8,forest,ngrc_latent8_optimizer_tree_search_v002,1,final (forest+gbrt leg),62,ok,7,2,0.003113112455585802,linear_quadratic,diagonal,False,8.6
ngrc_latent8,NGRC,latent8,forest,ngrc_latent8_optimizer_tree_search_v002,1,final (forest+gbrt leg),63,ok,7,2,0.0030541906006694825,linear_quadratic,diagonal,True,8.8
ngrc_latent8,NGRC,latent8,forest,ngrc_latent8_optimizer_tree_search_v002,1,final (forest+gbrt leg),64,ok,7,2,0.0030050045075977207,linear_quadratic,diagonal,True,8.8
ngrc_latent8,NGRC,latent8,forest,ngrc_latent8_optimizer_tree_search_v002,1,final (forest+gbrt leg),65,ok,7,2,0.002823075006731736,linear_quadratic,diagonal,False,8.6
ngrc_latent8,NGRC,latent8,forest,ngrc_latent8_optimizer_tree_search_v002,1,final (forest+gbrt leg),66,ok,7,2,0.002829248926809961,linear_quadratic,diagonal,True,8.700000000000001
ngrc_latent8,NGRC,latent8,forest,ngrc_latent8_optimizer_tree_search_v002,1,final (forest+gbrt leg),67,ok,7,2,0.0028416309882137885,linear_quadratic,diagonal,True,8.700000000000001
ngrc_latent8,NGRC,latent8,forest,ngrc_latent8_optimizer_tree_search_v002,1,final (forest+gbrt leg),68,ok,7,2,0.003924090279065945,linear_quadratic,diagonal,True,8.9
ngrc_latent8,NGRC,latent8,forest,ngrc_latent8_optimizer_tree_search_v002,1,final (forest+gbrt leg),69,ok,7,2,0.0037268484852905548,linear_quadratic,diagonal,True,8.8
ngrc_latent8,NGRC,latent8,forest,ngrc_latent8_optimizer_tree_search_v002,1,final (forest+gbrt leg),70,ok,7,2,0.0037346427278083824,linear_quadratic,diagonal,True,8.9
ngrc_latent8,NGRC,latent8,forest,ngrc_latent8_optimizer_tree_search_v002,1,final (forest+gbrt leg),71,ok,7,2,0.0035343077233996544,linear_quadratic,diagonal,True,8.8
ngrc_latent8,NGRC,latent8,forest,ngrc_latent8_optimizer_tree_search_v002,1,final (forest+gbrt leg),72,ok,7,2,0.0032789138701280994,linear_quadratic,diagonal,True,8.8
ngrc_latent8,NGRC,latent8,forest,ngrc_latent8_optimizer_tree_search_v002,1,final (forest+gbrt leg),73,ok,7,2,0.0033568454893471585,linear_quadratic,diagonal,True,8.8
ngrc_latent8,NGRC,latent8,forest,ngrc_latent8_optimizer_tree_search_v002,1,final (forest+gbrt leg),74,ok,7,2,0.01951559909403005,linear_quadratic,diagonal,True,10.0
ngrc_latent8,NGRC,latent8,forest,ngrc_latent8_optimizer_tree_search_v002,1,final (forest+gbrt leg),75,ok,7,2,0.00340886515182751,linear_quadratic,diagonal,True,8.8
ngrc_latent8,NGRC,latent8,forest,ngrc_latent8_optimizer_tree_search_v002,1,final (forest+gbrt leg),76,ok,7,2,0.0032972566564890954,linear_quadratic,diagonal,True,8.8
ngrc_latent8,NGRC,latent8,forest,ngrc_latent8_optimizer_tree_search_v002,1,final (forest+gbrt leg),77,ok,8,2,0.003156883489987091,linear_quadratic,diagonal,True,8.4
ngrc_latent8,NGRC,latent8,forest,ngrc_latent8_optimizer_tree_search_v002,1,final (forest+gbrt leg),78,ok,7,2,0.0031835201991964952,linear_quadratic,diagonal,True,8.8
ngrc_latent8,NGRC,latent8,forest,ngrc_latent8_optimizer_tree_search_v002,1,final (forest+gbrt leg),79,ok,8,2,0.003241155726805889,linear_quadratic,diagonal,True,8.4
ngrc_latent8,NGRC,latent8,forest,ngrc_latent8_optimizer_tree_search_v002,1,final (forest+gbrt leg),80,ok,8,2,0.0031253449940996927,linear_quadratic,diagonal,False,8.3
ngrc_latent8,NGRC,latent8,forest,ngrc_latent8_optimizer_tree_search_v002,1,final (forest+gbrt leg),81,ok,7,2,0.03424836638105787,linear_quadratic,diagonal,True,10.3
ngrc_latent8,NGRC,latent8,forest,ngrc_latent8_optimizer_tree_search_v002,1,final (forest+gbrt leg),82,ok,7,2,0.0511512996916845,linear_quadratic,diagonal,True,10.4
ngrc_latent8,NGRC,latent8,forest,ngrc_latent8_optimizer_tree_search_v002,1,final (forest+gbrt leg),83,ok,7,2,0.0987785401594313,linear_quadratic,diagonal,True,10.200000000000001
ngrc_latent8,NGRC,latent8,forest,ngrc_latent8_optimizer_tree_search_v002,1,final (forest+gbrt leg),84,ok,7,2,0.07804668233501265,linear_quadratic,diagonal,True,10.3
ngrc_latent8,NGRC,latent8,forest,ngrc_latent8_optimizer_tree_search_v002,1,final (forest+gbrt leg),85,ok,7,2,0.06406970331269406,linear_quadratic,diagonal,True,10.3
ngrc_latent8,NGRC,latent8,forest,ngrc_latent8_optimizer_tree_search_v002,1,final (forest+gbrt leg),86,ok,7,2,0.09400355637690669,linear_quadratic,diagonal,True,10.200000000000001
ngrc_latent8,NGRC,latent8,forest,ngrc_latent8_optimizer_tree_search_v002,1,final (forest+gbrt leg),87,ok,7,2,0.08103118077151514,linear_quadratic,diagonal,True,10.3
ngrc_latent8,NGRC,latent8,forest,ngrc_latent8_optimizer_tree_search_v002,1,final (forest+gbrt leg),88,ok,7,2,0.06751869676686892,linear_quadratic,diagonal,True,10.3
ngrc_latent8,NGRC,latent8,forest,ngrc_latent8_optimizer_tree_search_v002,1,final (forest+gbrt leg),89,ok,7,2,0.06923185410891822,linear_quadratic,diagonal,True,10.3
ngrc_latent8,NGRC,latent8,forest,ngrc_latent8_optimizer_tree_search_v002,1,final (forest+gbrt leg),90,ok,7,2,0.07406498945409763,linear_quadratic,diagonal,True,10.3
ngrc_latent8,NGRC,latent8,forest,ngrc_latent8_optimizer_tree_search_v002,1,final (forest+gbrt leg),91,ok,7,2,0.09596269750755256,linear_quadratic,diagonal,True,10.200000000000001
ngrc_latent8,NGRC,latent8,forest,ngrc_latent8_optimizer_tree_search_v002,1,final (forest+gbrt leg),92,ok,7,2,0.07155790886689653,linear_quadratic,diagonal,True,10.3
ngrc_latent8,NGRC,latent8,forest,ngrc_latent8_optimizer_tree_search_v002,1,final (forest+gbrt leg),93,ok,7,2,0.07917149939733789,linear_quadratic,diagonal,True,10.3
ngrc_latent8,NGRC,latent8,forest,ngrc_latent8_optimizer_tree_search_v002,1,final (forest+gbrt leg),94,ok,7,2,0.06994526276574443,linear_quadratic,diagonal,True,10.3
ngrc_latent8,NGRC,latent8,forest,ngrc_latent8_optimizer_tree_search_v002,1,final (forest+gbrt leg),95,ok,7,2,0.0727091443135901,linear_quadratic,diagonal,True,10.3
ngrc_latent8,NGRC,latent8,forest,ngrc_latent8_optimizer_tree_search_v002,1,final (forest+gbrt leg),96,ok,7,2,0.003097077468560212,linear_quadratic,diagonal,False,8.6
ngrc_latent8,NGRC,latent8,forest,ngrc_latent8_optimizer_tree_search_v002,1,final (forest+gbrt leg),97,ok,7,2,0.06873449471099377,linear_quadratic,diagonal,False,10.200000000000001
ngrc_latent8,NGRC,latent8,forest,ngrc_latent8_optimizer_tree_search_v002,1,final (forest+gbrt leg),98,ok,7,2,0.07343676817198894,linear_quadratic,diagonal,False,10.100000000000001
ngrc_latent8,NGRC,latent8,forest,ngrc_latent8_optimizer_tree_search_v002,1,final (forest+gbrt leg),99,ok,7,2,0.07095610984293815,linear_quadratic,diagonal,True,10.3
ngrc_latent8,NGRC,latent8,forest,ngrc_latent8_optimizer_tree_search_v002,1,final (forest+gbrt leg),100,ok,7,2,0.004124565755256903,linear_quadratic,diagonal,False,8.8
ngrc_latent8,NGRC,latent8,forest,ngrc_latent8_optimizer_tree_search_v002,1,final (forest+gbrt leg),101,ok,7,2,0.003966816105997431,linear_quadratic,diagonal,False,8.700000000000001
ngrc_latent8,NGRC,latent8,forest,ngrc_latent8_optimizer_tree_search_v002,1,final (forest+gbrt leg),102,ok,7,2,0.0037822318988384894,linear_quadratic,diagonal,False,8.700000000000001
ngrc_latent8,NGRC,latent8,forest,ngrc_latent8_optimizer_tree_search_v002,1,final (forest+gbrt leg),103,ok,8,2,0.07184682358283462,linear_quadratic,diagonal,False,9.600000000000001
ngrc_latent8,NGRC,latent8,forest,ngrc_latent8_optimizer_tree_search_v002,1,final (forest+gbrt leg),104,ok,7,2,0.003715866240635864,linear_quadratic,diagonal,False,8.700000000000001
ngrc_latent8,NGRC,latent8,forest,ngrc_latent8_optimizer_tree_search_v002,1,final (forest+gbrt leg),105,ok,7,2,0.003689161623738912,linear_quadratic,diagonal,False,8.700000000000001
ngrc_latent8,NGRC,latent8,forest,ngrc_latent8_optimizer_tree_search_v002,1,final (forest+gbrt leg),106,ok,7,2,0.0030630920609736713,linear_quadratic,diagonal,False,8.6
ngrc_latent8,NGRC,latent8,forest,ngrc_latent8_optimizer_tree_search_v002,1,final (forest+gbrt leg),107,ok,7,2,0.07187031223942637,linear_quadratic,diagonal,False,10.200000000000001
ngrc_latent8,NGRC,latent8,forest,ngrc_latent8_optimizer_tree_search_v002,1,final (forest+gbrt leg),108,ok,7,2,0.08490856996466802,linear_quadratic,diagonal,False,10.100000000000001
ngrc_latent8,NGRC,latent8,forest,ngrc_latent8_optimizer_tree_search_v002,1,final (forest+gbrt leg),109,ok,7,2,0.09257318791630528,linear_quadratic,diagonal,False,10.0
ngrc_latent8,NGRC,latent8,forest,ngrc_latent8_optimizer_tree_search_v002,1,final (forest+gbrt leg),110,ok,7,2,0.0030438242878903523,linear_quadratic,diagonal,False,8.6
ngrc_latent8,NGRC,latent8,forest,ngrc_latent8_optimizer_tree_search_v002,1,final (forest+gbrt leg),111,ok,7,2,0.07534273840142247,linear_quadratic,diagonal,False,10.100000000000001
ngrc_latent8,NGRC,latent8,forest,ngrc_latent8_optimizer_tree_search_v002,1,final (forest+gbrt leg),112,ok,7,2,0.09398975718260766,linear_quadratic,diagonal,False,10.0
ngrc_latent8,NGRC,latent8,forest,ngrc_latent8_optimizer_tree_search_v002,1,final (forest+gbrt leg),113,ok,7,2,0.0031098861693463088,linear_quadratic,diagonal,False,8.6
ngrc_latent8,NGRC,latent8,forest,ngrc_latent8_optimizer_tree_search_v002,1,final (forest+gbrt leg),114,ok,7,2,0.003537652291732312,linear_quadratic,diagonal,False,8.700000000000001
ngrc_latent8,NGRC,latent8,forest,ngrc_latent8_optimizer_tree_search_v002,1,final (forest+gbrt leg),115,ok,7,2,0.0035542255768590126,linear_quadratic,diagonal,False,8.700000000000001
ngrc_latent8,NGRC,latent8,forest,ngrc_latent8_optimizer_tree_search_v002,1,final (forest+gbrt leg),116,ok,7,2,0.00331851293555184,linear_quadratic,diagonal,False,8.700000000000001
ngrc_latent8,NGRC,latent8,forest,ngrc_latent8_optimizer_tree_search_v002,1,final (forest+gbrt leg),117,ok,8,2,0.0032384615213868974,linear_quadratic,diagonal,False,8.3
ngrc_latent8,NGRC,latent8,forest,ngrc_latent8_optimizer_tree_search_v002,1,final (forest+gbrt leg),118,ok,7,2,0.07038691281592441,linear_quadratic,diagonal,False,10.200000000000001
ngrc_latent8,NGRC,latent8,forest,ngrc_latent8_optimizer_tree_search_v002,1,final (forest+gbrt leg),119,ok,7,2,0.06993371129316708,linear_quadratic,diagonal,False,10.200000000000001
ngrc_latent8,NGRC,latent8,forest,ngrc_latent8_optimizer_tree_search_v002,1,final (forest+gbrt leg),120,ok,7,2,0.0707916051745493,linear_quadratic,diagonal,False,10.200000000000001
ngrc_latent8,NGRC,latent8,forest,ngrc_latent8_optimizer_tree_search_v002,1,final (forest+gbrt leg),121,ok,8,2,0.0032127604077380784,linear_quadratic,diagonal,False,8.3
ngrc_latent8,NGRC,latent8,forest,ngrc_latent8_optimizer_tree_search_v002,1,final (forest+gbrt leg),122,ok,7,2,0.003182894756286512,linear_quadratic,diagonal,True,8.8
ngrc_latent8,NGRC,latent8,forest,ngrc_latent8_optimizer_tree_search_v002,1,final (forest+gbrt leg),123,ok,7,2,0.0709130359626354,linear_quadratic,diagonal,False,10.200000000000001
ngrc_latent8,NGRC,latent8,forest,ngrc_latent8_optimizer_tree_search_v002,1,final (forest+gbrt leg),124,ok,8,2,0.0028181668307786377,linear_quadratic,diagonal,False,8.3
ngrc_latent8,NGRC,latent8,forest,ngrc_latent8_optimizer_tree_search_v002,1,final (forest+gbrt leg),125,ok,7,2,0.0712208390873644,linear_quadratic,diagonal,True,10.3
ngrc_latent8,NGRC,latent8,forest,ngrc_latent8_optimizer_tree_search_v002,1,final (forest+gbrt leg),126,ok,7,2,0.07070273967199449,linear_quadratic,diagonal,True,10.3
ngrc_latent8,NGRC,latent8,forest,ngrc_latent8_optimizer_tree_search_v002,1,final (forest+gbrt leg),127,ok,7,2,0.07064844111404642,linear_quadratic,diagonal,True,10.3
ngrc_latent8,NGRC,latent8,forest,ngrc_latent8_optimizer_tree_search_v002,1,final (forest+gbrt leg),128,ok,7,2,0.07049540727897849,linear_quadratic,diagonal,True,10.3
ngrc_latent8,NGRC,latent8,forest,ngrc_latent8_optimizer_tree_search_v002,1,final (forest+gbrt leg),129,ok,8,2,0.002616230989612541,linear_quadratic,diagonal,True,8.4
ngrc_latent8,NGRC,latent8,forest,ngrc_latent8_optimizer_tree_search_v002,1,final (forest+gbrt leg),130,ok,7,2,0.003445072503212757,linear_quadratic,diagonal,False,8.700000000000001
ngrc_latent8,NGRC,latent8,forest,ngrc_latent8_optimizer_tree_search_v002,1,final (forest+gbrt leg),131,ok,7,2,0.0025985787983031734,linear_quadratic,diagonal,True,8.700000000000001
ngrc_latent8,NGRC,latent8,forest,ngrc_latent8_optimizer_tree_search_v002,1,final (forest+gbrt leg),132,ok,7,2,0.003227901619886006,linear_quadratic,diagonal,False,8.700000000000001
ngrc_latent8,NGRC,latent8,forest,ngrc_latent8_optimizer_tree_search_v002,1,final (forest+gbrt leg),133,ok,7,2,0.0032854226846074936,linear_quadratic,diagonal,False,8.700000000000001
ngrc_latent8,NGRC,latent8,forest,ngrc_latent8_optimizer_tree_search_v002,1,final (forest+gbrt leg),134,ok,7,2,0.003183129226460986,linear_quadratic,diagonal,True,8.8
ngrc_latent8,NGRC,latent8,forest,ngrc_latent8_optimizer_tree_search_v002,1,final (forest+gbrt leg),135,ok,7,2,0.003235950830215529,linear_quadratic,diagonal,False,8.700000000000001
ngrc_latent8,NGRC,latent8,forest,ngrc_latent8_optimizer_tree_search_v002,1,final (forest+gbrt leg),136,ok,7,2,0.06995339418779417,linear_quadratic,diagonal,True,10.3
ngrc_latent8,NGRC,latent8,forest,ngrc_latent8_optimizer_tree_search_v002,1,final (forest+gbrt leg),137,ok,8,2,0.002604583134452253,linear_quadratic,diagonal,True,8.4
ngrc_latent8,NGRC,latent8,forest,ngrc_latent8_optimizer_tree_search_v002,1,final (forest+gbrt leg),138,ok,7,2,0.0026092322250221038,linear_quadratic,diagonal,False,8.6
ngrc_latent8,NGRC,latent8,forest,ngrc_latent8_optimizer_tree_search_v002,1,final (forest+gbrt leg),139,ok,7,2,0.0025632735119907493,linear_quadratic,diagonal,False,8.6
ngrc_latent8,NGRC,latent8,forest,ngrc_latent8_optimizer_tree_search_v002,1,final (forest+gbrt leg),140,ok,7,2,0.0027960312773430748,linear_quadratic,diagonal,False,8.6
