case_id,model,representation,optimizer,source_run_id,source_search_order,search_stage,trial,status,reservoir_size,spectral_radius,input_scaling,leaking_rate,ridge_alpha,sparsity,washout_steps,valid_relative_l2_horizon_time
perc_latent8,PERC,latent8,dummy,perc_latent8_optimizer_search_v002,0,single-stage final,1,ok,750,0.07541353806632017,0.19510654994271343,0.12637809592096289,0.0006347285781062256,0.005,50,8.0
perc_latent8,PERC,latent8,dummy,perc_latent8_optimizer_search_v002,0,single-stage final,2,ok,1500,0.12606958862923667,0.11403303485294708,0.23032208333514992,0.00034635128509881874,0.02,50,14.100000000000001
perc_latent8,PERC,latent8,dummy,perc_latent8_optimizer_search_v002,0,single-stage final,3,ok,1250,0.2418027433053801,0.11553560363503464,0.32475875248701835,0.00036334744188770934,0.005,50,10.4
perc_latent8,PERC,latent8,dummy,perc_latent8_optimizer_search_v002,0,single-stage final,4,ok,1500,0.08596430371889675,0.07256684291271874,0.16642028976455966,0.00018924234610263557,0.02,50,6.7
perc_latent8,PERC,latent8,dummy,perc_latent8_optimizer_search_v002,0,single-stage final,5,ok,1000,0.09876495133264027,0.03192825340676161,0.2138581142546888,4.7179046519909395e-05,0.02,50,12.700000000000001
perc_latent8,PERC,latent8,dummy,perc_latent8_optimizer_search_v002,0,single-stage final,6,ok,750,0.2638667323705651,0.1244717781527511,0.3962818204850026,0.005802774465495787,0.005,50,5.9
perc_latent8,PERC,latent8,dummy,perc_latent8_optimizer_search_v002,0,single-stage final,7,ok,1000,0.1920017601098867,0.07290654871285414,0.31455813473243754,0.004748404469300097,0.02,50,6.800000000000001
perc_latent8,PERC,latent8,dummy,perc_latent8_optimizer_search_v002,0,single-stage final,8,ok,1500,0.3586364479072585,0.04758534893259549,0.3386398239197988,7.031292757242501e-05,0.01,50,9.4
perc_latent8,PERC,latent8,dummy,perc_latent8_optimizer_search_v002,0,single-stage final,9,ok,1000,0.160385889416003,0.1738598125894131,0.21804597813098198,0.0018438909344824755,0.02,50,8.1
perc_latent8,PERC,latent8,dummy,perc_latent8_optimizer_search_v002,0,single-stage final,10,ok,1250,0.10971953434296008,0.035675729352049566,0.36108462040308903,2.418691499032659e-05,0.01,50,8.8
perc_latent8,PERC,latent8,dummy,perc_latent8_optimizer_search_v002,0,single-stage final,11,ok,1500,0.04200832855124221,0.1606041258121982,0.24315384739682466,0.00016725056192794078,0.01,50,7.7
perc_latent8,PERC,latent8,dummy,perc_latent8_optimizer_search_v002,0,single-stage final,12,ok,1000,0.10436378730152443,0.031663378670560675,0.22942779354164816,2.9751760670633927e-05,0.005,50,13.200000000000001
perc_latent8,PERC,latent8,dummy,perc_latent8_optimizer_search_v002,0,single-stage final,13,ok,750,0.2326155017878709,0.04268404511116781,0.2648049137786842,1.027082181056815e-05,0.005,50,15.9
perc_latent8,PERC,latent8,dummy,perc_latent8_optimizer_search_v002,0,single-stage final,14,ok,1500,0.04705894760276953,0.06579252483736604,0.128780157691731,0.008439947341161812,0.005,50,6.5
perc_latent8,PERC,latent8,dummy,perc_latent8_optimizer_search_v002,0,single-stage final,15,ok,1500,0.16755431143671945,0.05188126908186819,0.28012614858090346,0.00010736964630647528,0.005,50,7.300000000000001
perc_latent8,PERC,latent8,dummy,perc_latent8_optimizer_search_v002,0,single-stage final,16,ok,1250,0.06207362681884612,0.0329499626348794,0.35896192550339096,0.003325815761350976,0.02,50,4.1000000000000005
perc_latent8,PERC,latent8,dummy,perc_latent8_optimizer_search_v002,0,single-stage final,17,ok,1500,0.311115781777646,0.04024631280104739,0.23366901586955183,0.004356761230561628,0.02,50,7.1000000000000005
perc_latent8,PERC,latent8,dummy,perc_latent8_optimizer_search_v002,0,single-stage final,18,ok,1500,0.06458627858855202,0.07842951193461563,0.32851837645436344,9.768810962827638e-05,0.005,50,6.7
perc_latent8,PERC,latent8,dummy,perc_latent8_optimizer_search_v002,0,single-stage final,19,ok,1000,0.11164877788551367,0.12867797327325292,0.4057138789992847,0.0002076888875427462,0.005,50,14.600000000000001
perc_latent8,PERC,latent8,dummy,perc_latent8_optimizer_search_v002,0,single-stage final,20,ok,1500,0.2883157934807308,0.07207317781309328,0.34542514734772783,0.00380196772994582,0.005,50,14.3
perc_latent8,PERC,latent8,dummy,perc_latent8_optimizer_search_v002,0,single-stage final,21,ok,1250,0.34007278669778435,0.0557242705303906,0.3871184384031288,0.00014456021058279018,0.02,50,8.5
perc_latent8,PERC,latent8,dummy,perc_latent8_optimizer_search_v002,0,single-stage final,22,ok,750,0.29720159510101735,0.04558031542816867,0.32105690589038943,1.1023617438998303e-05,0.02,50,7.5
perc_latent8,PERC,latent8,dummy,perc_latent8_optimizer_search_v002,0,single-stage final,23,ok,1000,0.30137715870877996,0.09071591534162816,0.14187294419666596,3.066199574308232e-05,0.01,50,5.9
perc_latent8,PERC,latent8,dummy,perc_latent8_optimizer_search_v002,0,single-stage final,24,ok,1250,0.11204734580576903,0.12210940988696535,0.19284239751518736,0.003411480679417941,0.01,50,12.200000000000001
perc_latent8,PERC,latent8,dummy,perc_latent8_optimizer_search_v002,0,single-stage final,25,ok,1000,0.08405086560338432,0.03806101610383786,0.12771165698335857,0.00025547236564768576,0.005,50,10.8
perc_latent8,PERC,latent8,dummy,perc_latent8_optimizer_search_v002,0,single-stage final,26,ok,1000,0.06353772390809458,0.041644551720479386,0.25039293786635475,0.0007331758848672322,0.005,50,8.5
perc_latent8,PERC,latent8,dummy,perc_latent8_optimizer_search_v002,0,single-stage final,27,ok,1500,0.06180059896914308,0.10326421271396148,0.3007136915505124,0.007619686312979014,0.005,50,7.4
perc_latent8,PERC,latent8,dummy,perc_latent8_optimizer_search_v002,0,single-stage final,28,ok,1500,0.2868109180573055,0.035046695691001765,0.3239291439762654,6.893115134577086e-05,0.01,50,8.700000000000001
perc_latent8,PERC,latent8,dummy,perc_latent8_optimizer_search_v002,0,single-stage final,29,ok,750,0.08707871004300423,0.12855561936189444,0.18261165938919577,1.9107945557650758e-05,0.01,50,5.9
perc_latent8,PERC,latent8,dummy,perc_latent8_optimizer_search_v002,0,single-stage final,30,ok,1500,0.11058414396212632,0.1791482229688593,0.16071210647871587,0.00031914023428620424,0.005,50,5.300000000000001
perc_latent8,PERC,latent8,dummy,perc_latent8_optimizer_search_v002,0,single-stage final,31,ok,1000,0.24299600265601012,0.04169216689164763,0.36023643033720465,0.00010080611176945656,0.005,50,7.800000000000001
perc_latent8,PERC,latent8,dummy,perc_latent8_optimizer_search_v002,0,single-stage final,32,ok,1250,0.33627585234258667,0.08055263814078663,0.23408702432691214,0.00028900150431083966,0.02,50,7.7
perc_latent8,PERC,latent8,dummy,perc_latent8_optimizer_search_v002,0,single-stage final,33,ok,1000,0.1401120367107069,0.16520959944843386,0.14476291025530413,2.956033018881894e-05,0.02,50,5.5
perc_latent8,PERC,latent8,dummy,perc_latent8_optimizer_search_v002,0,single-stage final,34,ok,750,0.17432866924230075,0.03606936835562298,0.32890247024093155,5.0117847310836926e-05,0.01,50,10.3
perc_latent8,PERC,latent8,dummy,perc_latent8_optimizer_search_v002,0,single-stage final,35,ok,1000,0.27132190366312425,0.03170435952365913,0.3194185639533494,0.0002551631305958356,0.01,50,5.7
perc_latent8,PERC,latent8,dummy,perc_latent8_optimizer_search_v002,0,single-stage final,36,ok,1250,0.07344757810476991,0.07040331929585797,0.1434998804875805,2.9812072085661244e-05,0.005,50,15.9
perc_latent8,PERC,latent8,dummy,perc_latent8_optimizer_search_v002,0,single-stage final,37,ok,1250,0.08301166837081819,0.055837815177392884,0.2857411632990834,0.0010557863037957828,0.02,50,17.6
perc_latent8,PERC,latent8,dummy,perc_latent8_optimizer_search_v002,0,single-stage final,38,ok,1000,0.21370444376061948,0.056707365201326,0.225492059205332,0.00016951964087828946,0.01,50,15.0
perc_latent8,PERC,latent8,dummy,perc_latent8_optimizer_search_v002,0,single-stage final,39,ok,1500,0.06922716564394135,0.14219231693138085,0.2629376379259912,0.0002633046686864977,0.01,50,8.5
perc_latent8,PERC,latent8,dummy,perc_latent8_optimizer_search_v002,0,single-stage final,40,ok,1250,0.08294921402178121,0.07321332069655517,0.2693882191608724,0.0002935891570230133,0.01,50,6.6000000000000005
perc_latent8,PERC,latent8,dummy,perc_latent8_optimizer_search_v002,0,single-stage final,41,ok,1500,0.239792259542684,0.18099575757577274,0.3744428232216703,0.0062564863561465865,0.02,50,6.2
perc_latent8,PERC,latent8,dummy,perc_latent8_optimizer_search_v002,0,single-stage final,42,ok,1500,0.18357603345246468,0.04504770053234459,0.3915391002654035,0.00022458446840991419,0.005,50,12.100000000000001
perc_latent8,PERC,latent8,dummy,perc_latent8_optimizer_search_v002,0,single-stage final,43,ok,1250,0.15248501540702272,0.041183776436335806,0.2289580528607786,3.6619805228083094e-05,0.01,50,14.5
perc_latent8,PERC,latent8,dummy,perc_latent8_optimizer_search_v002,0,single-stage final,44,ok,1500,0.10797956455953887,0.04695545251070564,0.14985859936170703,0.0020391323498710427,0.005,50,8.700000000000001
perc_latent8,PERC,latent8,dummy,perc_latent8_optimizer_search_v002,0,single-stage final,45,ok,1250,0.1145984995543043,0.17384411732271912,0.3748532880430249,0.006501193527807948,0.005,50,5.2
perc_latent8,PERC,latent8,dummy,perc_latent8_optimizer_search_v002,0,single-stage final,46,ok,1000,0.2254036102609021,0.1373856044942338,0.41231539954236285,0.0016909011354513618,0.02,50,5.800000000000001
perc_latent8,PERC,latent8,dummy,perc_latent8_optimizer_search_v002,0,single-stage final,47,ok,1500,0.0638675715624012,0.030016464736541824,0.22739239267382425,0.008715880339491382,0.01,50,4.2
perc_latent8,PERC,latent8,dummy,perc_latent8_optimizer_search_v002,0,single-stage final,48,ok,1250,0.2724111137007854,0.1972477396031619,0.13488921747238053,0.00043272901947706853,0.005,50,4.7
perc_latent8,PERC,latent8,dummy,perc_latent8_optimizer_search_v002,0,single-stage final,49,ok,1500,0.10503546430197262,0.16322912879209325,0.2618480913255772,3.336922348784922e-05,0.02,50,3.1
perc_latent8,PERC,latent8,dummy,perc_latent8_optimizer_search_v002,0,single-stage final,50,ok,750,0.16680514291522852,0.032427028595155734,0.18080949578129682,6.056224712235632e-05,0.01,50,8.4
perc_latent8,PERC,latent8,dummy,perc_latent8_optimizer_search_v002,0,single-stage final,51,ok,1500,0.21854527595122816,0.04439727980634005,0.1736385283684117,0.0008409118767657064,0.02,50,16.1
perc_latent8,PERC,latent8,dummy,perc_latent8_optimizer_search_v002,0,single-stage final,52,ok,1250,0.34038034047629667,0.17570631415398952,0.24757574310370414,3.543421795863952e-05,0.01,50,3.7
perc_latent8,PERC,latent8,dummy,perc_latent8_optimizer_search_v002,0,single-stage final,53,ok,750,0.09103562616533516,0.10143831734921949,0.2246199338066532,3.276000399935115e-05,0.02,50,15.5
perc_latent8,PERC,latent8,dummy,perc_latent8_optimizer_search_v002,0,single-stage final,54,ok,1250,0.2806768203095081,0.03073093877404404,0.20493630466020168,0.0002350246233375238,0.01,50,11.9
perc_latent8,PERC,latent8,dummy,perc_latent8_optimizer_search_v002,0,single-stage final,55,ok,750,0.14347915279033066,0.06781293057897651,0.1703154670990424,0.007203058030175727,0.01,50,8.5
perc_latent8,PERC,latent8,dummy,perc_latent8_optimizer_search_v002,0,single-stage final,56,ok,1500,0.0454228094620697,0.053607555352669624,0.3041175240873577,0.0003732115803573893,0.005,50,11.700000000000001
perc_latent8,PERC,latent8,dummy,perc_latent8_optimizer_search_v002,0,single-stage final,57,ok,1500,0.08958574360836245,0.13805887073757364,0.13029790583538928,1.8520748895398547e-05,0.02,50,4.7
perc_latent8,PERC,latent8,dummy,perc_latent8_optimizer_search_v002,0,single-stage final,58,ok,1000,0.053422254694389965,0.10260479455543058,0.29836706679616964,0.0016653384375274831,0.005,50,15.9
perc_latent8,PERC,latent8,dummy,perc_latent8_optimizer_search_v002,0,single-stage final,59,ok,1250,0.05617603472498561,0.049709832586673615,0.23332730594279966,0.0020808165220608608,0.02,50,8.3
perc_latent8,PERC,latent8,dummy,perc_latent8_optimizer_search_v002,0,single-stage final,60,ok,1250,0.11391870567941996,0.11598329109000832,0.1759961854276746,0.005950306225101211,0.005,50,10.5
perc_latent8,PERC,latent8,dummy,perc_latent8_optimizer_search_v002,0,single-stage final,61,ok,1250,0.09926502799049139,0.17270709962035213,0.16006424673906736,3.8498772414807337e-05,0.02,50,4.800000000000001
perc_latent8,PERC,latent8,dummy,perc_latent8_optimizer_search_v002,0,single-stage final,62,ok,1250,0.1713563415465441,0.0343905928503204,0.2894694267867908,7.64931996603723e-05,0.005,50,11.600000000000001
perc_latent8,PERC,latent8,dummy,perc_latent8_optimizer_search_v002,0,single-stage final,63,ok,750,0.05806304620486341,0.06711148573374222,0.41882732507328424,1.1815085027296542e-05,0.02,50,9.9
perc_latent8,PERC,latent8,dummy,perc_latent8_optimizer_search_v002,0,single-stage final,64,ok,1250,0.06922596536326162,0.1463601284081715,0.15331434986257797,0.00022439058794879708,0.02,50,10.100000000000001
perc_latent8,PERC,latent8,dummy,perc_latent8_optimizer_search_v002,0,single-stage final,65,ok,1250,0.2395809380788434,0.09772977298235447,0.23943364029582925,0.00037188150299181634,0.01,50,13.200000000000001
perc_latent8,PERC,latent8,dummy,perc_latent8_optimizer_search_v002,0,single-stage final,66,ok,1250,0.11401614421592857,0.08600673022613253,0.25100768239580473,5.2078880341492546e-05,0.01,50,6.800000000000001
perc_latent8,PERC,latent8,dummy,perc_latent8_optimizer_search_v002,0,single-stage final,67,ok,1000,0.24717770165336123,0.19467327791159186,0.35886952418484536,0.0031560986147110516,0.005,50,6.1000000000000005
perc_latent8,PERC,latent8,dummy,perc_latent8_optimizer_search_v002,0,single-stage final,68,ok,1500,0.2780625067983453,0.060246338860151585,0.2464997540678672,0.0015448800017816156,0.005,50,16.8
perc_latent8,PERC,latent8,dummy,perc_latent8_optimizer_search_v002,0,single-stage final,69,ok,1250,0.29451323071734886,0.13416868974966029,0.39776447509722157,0.002073973945929582,0.02,50,8.0
perc_latent8,PERC,latent8,dummy,perc_latent8_optimizer_search_v002,0,single-stage final,70,ok,1500,0.12353857815293105,0.0677117540248173,0.4166045303192642,1.0332489381903993e-05,0.005,50,6.0
perc_latent8,PERC,latent8,dummy,perc_latent8_optimizer_search_v002,0,single-stage final,71,ok,1250,0.052382965041864,0.17036610161744575,0.23718629691934318,0.00924321617063199,0.01,50,6.0
perc_latent8,PERC,latent8,dummy,perc_latent8_optimizer_search_v002,0,single-stage final,72,ok,1500,0.04375277098527964,0.15353886722941967,0.2753047353315838,0.0008418512155496797,0.01,50,17.5
perc_latent8,PERC,latent8,dummy,perc_latent8_optimizer_search_v002,0,single-stage final,73,ok,1000,0.3441792089209545,0.050256491487683644,0.29897799016745813,2.3657851195236922e-05,0.005,50,11.0
perc_latent8,PERC,latent8,dummy,perc_latent8_optimizer_search_v002,0,single-stage final,74,ok,750,0.051833115937693935,0.09367281380325486,0.36850866055816844,0.0061626892611395786,0.02,50,6.4
perc_latent8,PERC,latent8,dummy,perc_latent8_optimizer_search_v002,0,single-stage final,75,ok,1500,0.04955745455806423,0.06998234405770534,0.23059835905427284,0.0022334603352630244,0.01,50,12.3
perc_latent8,PERC,latent8,dummy,perc_latent8_optimizer_search_v002,0,single-stage final,76,ok,1000,0.15508131893321955,0.07461481272045462,0.283512050801802,4.7856260680368734e-05,0.02,50,7.9
perc_latent8,PERC,latent8,dummy,perc_latent8_optimizer_search_v002,0,single-stage final,77,ok,1000,0.10546851697764029,0.044508555174694896,0.16024843704987907,2.5401641262149636e-05,0.01,50,14.100000000000001
perc_latent8,PERC,latent8,dummy,perc_latent8_optimizer_search_v002,0,single-stage final,78,ok,1500,0.1226972672608784,0.14721455428566052,0.15019389445942383,1.2249535374129692e-05,0.01,50,4.6000000000000005
perc_latent8,PERC,latent8,dummy,perc_latent8_optimizer_search_v002,0,single-stage final,79,ok,1000,0.336778656756297,0.046970305423446095,0.3820959563225499,0.0019853519490313446,0.02,50,5.9
perc_latent8,PERC,latent8,dummy,perc_latent8_optimizer_search_v002,0,single-stage final,80,ok,750,0.15187167739877608,0.04540527568032531,0.19191056723664746,2.8478445868424176e-05,0.02,50,13.5
perc_latent8,PERC,latent8,dummy,perc_latent8_optimizer_search_v002,0,single-stage final,81,ok,1250,0.09588000075730231,0.1877028425081729,0.27549062262636814,0.00010133479172372712,0.02,50,4.3
perc_latent8,PERC,latent8,dummy,perc_latent8_optimizer_search_v002,0,single-stage final,82,ok,1000,0.07609479316140531,0.05220872086436957,0.259024175976612,0.00083558092779051,0.02,50,16.8
perc_latent8,PERC,latent8,dummy,perc_latent8_optimizer_search_v002,0,single-stage final,83,ok,1500,0.06370798669540176,0.043158059557281955,0.35416425472419616,0.0005094448549635149,0.005,50,16.1
perc_latent8,PERC,latent8,dummy,perc_latent8_optimizer_search_v002,0,single-stage final,84,ok,1000,0.07302334434158785,0.19611359449658886,0.2902128454443933,5.475843457252796e-05,0.005,50,5.7
perc_latent8,PERC,latent8,dummy,perc_latent8_optimizer_search_v002,0,single-stage final,85,ok,1500,0.21666058448116396,0.07826618612207495,0.3164030190937228,1.1610541090099156e-05,0.005,50,7.2
perc_latent8,PERC,latent8,dummy,perc_latent8_optimizer_search_v002,0,single-stage final,86,ok,1250,0.0664731689322968,0.04943916994916232,0.23157112688630893,0.0002601923067975605,0.005,50,15.4
perc_latent8,PERC,latent8,dummy,perc_latent8_optimizer_search_v002,0,single-stage final,87,ok,750,0.048846337153199096,0.03209396742379326,0.3973714656429652,0.000396217224109382,0.01,50,5.1000000000000005
perc_latent8,PERC,latent8,dummy,perc_latent8_optimizer_search_v002,0,single-stage final,88,ok,750,0.14725746372528295,0.1103982853390279,0.1787073164547727,0.008772747424225088,0.005,50,14.9
perc_latent8,PERC,latent8,dummy,perc_latent8_optimizer_search_v002,0,single-stage final,89,ok,1250,0.06116429250095896,0.07405906857960384,0.3402320245097118,0.0033970550058087198,0.005,50,6.9
perc_latent8,PERC,latent8,dummy,perc_latent8_optimizer_search_v002,0,single-stage final,90,ok,1500,0.042611000323085735,0.09721228435571692,0.33421401763555936,1.8789063533211843e-05,0.01,50,8.0
perc_latent8,PERC,latent8,dummy,perc_latent8_optimizer_search_v002,0,single-stage final,91,ok,1500,0.3385286685178088,0.1509550975799276,0.2820086769240765,0.003920485209700881,0.01,50,7.6000000000000005
perc_latent8,PERC,latent8,dummy,perc_latent8_optimizer_search_v002,0,single-stage final,92,ok,1000,0.0509369543479693,0.06759450082439725,0.38619819441303765,5.66533915655262e-05,0.02,50,14.0
perc_latent8,PERC,latent8,dummy,perc_latent8_optimizer_search_v002,0,single-stage final,93,ok,1250,0.22227771222385745,0.07058686589299562,0.3808762154936845,3.343119144871499e-05,0.01,50,11.700000000000001
perc_latent8,PERC,latent8,dummy,perc_latent8_optimizer_search_v002,0,single-stage final,94,ok,1000,0.06890435700485278,0.038790014576042066,0.39751771046882634,0.0029939146261044342,0.02,50,4.3
perc_latent8,PERC,latent8,dummy,perc_latent8_optimizer_search_v002,0,single-stage final,95,ok,750,0.09360482426850437,0.03799211256026511,0.3327936241206475,0.00032759321372654237,0.005,50,7.4
perc_latent8,PERC,latent8,dummy,perc_latent8_optimizer_search_v002,0,single-stage final,96,ok,1250,0.048172336411389884,0.1416756528503488,0.15336909268436846,0.00012413228659867393,0.01,50,15.200000000000001
perc_latent8,PERC,latent8,dummy,perc_latent8_optimizer_search_v002,0,single-stage final,97,ok,1000,0.1223644115850623,0.08985159179353659,0.14034096775676874,0.000670608315934622,0.01,50,18.5
perc_latent8,PERC,latent8,dummy,perc_latent8_optimizer_search_v002,0,single-stage final,98,ok,1250,0.1277298319726801,0.19283567314213346,0.2511278104808729,9.347998800967362e-05,0.02,50,3.5
perc_latent8,PERC,latent8,dummy,perc_latent8_optimizer_search_v002,0,single-stage final,99,ok,1500,0.05023598042040361,0.03661191597947039,0.14393623290829835,3.288056354006508e-05,0.01,50,8.200000000000001
perc_latent8,PERC,latent8,dummy,perc_latent8_optimizer_search_v002,0,single-stage final,100,ok,750,0.3054169728047328,0.03792682597149741,0.24355415741124786,0.00022548506036680453,0.005,50,7.6000000000000005
