model_id,family,data_mode,candidate_rank,source_optimizer,source_trial,seed,valid_relative_l2_horizon_time,valid_relative_l2_mean,finite_relative_l2_fraction
perc_full64,perc,full64,1,forest,42,9403101,25.0,1.3936626549893794,1.0
perc_full64,perc,full64,1,forest,42,9403102,24.1,1.3600626056602587,1.0
perc_full64,perc,full64,1,forest,42,9403103,19.8,1.2468959451462227,0.9408080808080808
perc_full64,perc,full64,1,forest,42,9403104,27.4,1.3435839529831275,1.0
perc_full64,perc,full64,1,forest,42,9403105,25.700000000000003,1.4264962112219777,0.5191919191919192
perc_full64,perc,full64,1,forest,42,9403106,24.5,1.265764980346722,1.0
perc_full64,perc,full64,1,forest,42,9403107,23.700000000000003,1.3330573501077418,1.0
perc_full64,perc,full64,1,forest,42,9403108,19.700000000000003,1.485859026491971,1.0
perc_full64,perc,full64,1,forest,42,9403109,24.0,1.4123536042724671,1.0
perc_full64,perc,full64,1,forest,42,9403110,26.200000000000003,1.300336296183741,0.5244444444444445
perc_full64,perc,full64,1,forest,42,9403111,40.2,1.3158314992726723,1.0
perc_full64,perc,full64,1,forest,42,9403112,40.8,1.1888585041869473,1.0
perc_full64,perc,full64,1,forest,42,9403113,20.4,1.3849471034561776,1.0
perc_full64,perc,full64,1,forest,42,9403114,20.700000000000003,1.2546913895998646,0.7032323232323232
perc_full64,perc,full64,1,forest,42,9403115,24.1,1.2944348337340152,1.0
perc_full64,perc,full64,2,gp,68,9403101,58.3,1.3373865189480552,1.0
perc_full64,perc,full64,2,gp,68,9403102,20.9,1.4166998426043906,1.0
perc_full64,perc,full64,2,gp,68,9403103,24.1,1.2931311000815104,1.0
perc_full64,perc,full64,2,gp,68,9403104,24.3,1.094556842884043,0.5513131313131313
perc_full64,perc,full64,2,gp,68,9403105,25.0,1.342179344917258,0.7177777777777777
perc_full64,perc,full64,2,gp,68,9403106,25.700000000000003,1.3703443325394171,1.0
perc_full64,perc,full64,2,gp,68,9403107,23.8,1.4432031461787405,1.0
perc_full64,perc,full64,2,gp,68,9403108,23.3,1.414541037680015,1.0
perc_full64,perc,full64,2,gp,68,9403109,25.3,1.3495000516142643,0.9777777777777776
perc_full64,perc,full64,2,gp,68,9403110,25.4,1.2755389123052134,1.0
perc_full64,perc,full64,2,gp,68,9403111,37.5,1.426029646695519,1.0
perc_full64,perc,full64,2,gp,68,9403112,25.200000000000003,1.359059361065466,0.8480808080808081
perc_full64,perc,full64,2,gp,68,9403113,23.700000000000003,1.135236721609028,0.1579797979797979
perc_full64,perc,full64,2,gp,68,9403114,25.1,1.4094525276919088,1.0
perc_full64,perc,full64,2,gp,68,9403115,25.0,1.413923073390228,1.0
perc_full64,perc,full64,3,gp,78,9403101,57.3,1.2744527381657482,1.0
perc_full64,perc,full64,3,gp,78,9403102,35.800000000000004,1.1982660218716146,0.3870833333333333
perc_full64,perc,full64,3,gp,78,9403103,11.9,1.440208281011637,1.0
perc_full64,perc,full64,3,gp,78,9403104,12.0,1.2957521940703574,1.0
perc_full64,perc,full64,3,gp,78,9403105,12.4,1.2744244811253658,1.0
perc_full64,perc,full64,3,gp,78,9403106,25.9,1.300117539366048,0.9372916666666666
perc_full64,perc,full64,3,gp,78,9403107,23.700000000000003,1.3552032703278944,1.0
perc_full64,perc,full64,3,gp,78,9403108,11.1,1.3720969991098464,0.5225
perc_full64,perc,full64,3,gp,78,9403109,9.9,1.2296894451066418,1.0
perc_full64,perc,full64,3,gp,78,9403110,24.0,1.4183042985240073,1.0
perc_full64,perc,full64,3,gp,78,9403111,26.3,1.2199789653903694,1.0
perc_full64,perc,full64,3,gp,78,9403112,10.9,1.3776882022905148,1.0
perc_full64,perc,full64,3,gp,78,9403113,11.5,1.3279628650260105,0.8797916666666666
perc_full64,perc,full64,3,gp,78,9403114,11.2,1.379003364523317,1.0
perc_full64,perc,full64,3,gp,78,9403115,11.5,1.41337496130352,1.0
perc_full64,perc,full64,4,gp,67,9403101,67.4,0.9705483287156796,0.3393939393939394
perc_full64,perc,full64,4,gp,67,9403102,19.8,1.2997817316850695,1.0
perc_full64,perc,full64,4,gp,67,9403103,22.9,1.4286477993577134,1.0
perc_full64,perc,full64,4,gp,67,9403104,23.4,1.374632447296973,1.0
perc_full64,perc,full64,4,gp,67,9403105,25.200000000000003,1.03889375452294,0.1886868686868686
perc_full64,perc,full64,4,gp,67,9403106,27.3,1.3311969026137884,1.0
perc_full64,perc,full64,4,gp,67,9403107,19.8,1.376034786969378,1.0
perc_full64,perc,full64,4,gp,67,9403108,24.8,1.3087560279390718,1.0
perc_full64,perc,full64,4,gp,67,9403109,37.9,1.1029103835990337,0.3911111111111111
perc_full64,perc,full64,4,gp,67,9403110,25.5,1.2116245264962389,0.6343434343434343
perc_full64,perc,full64,4,gp,67,9403111,25.4,1.2928360384220108,0.889090909090909
perc_full64,perc,full64,4,gp,67,9403112,26.1,1.365520353024026,0.4488888888888889
perc_full64,perc,full64,4,gp,67,9403113,23.5,1.368180229522295,1.0
perc_full64,perc,full64,4,gp,67,9403114,37.2,1.34043227144553,0.5725252525252525
perc_full64,perc,full64,4,gp,67,9403115,24.700000000000003,1.3236226401204585,1.0
perc_full64,perc,full64,5,gp,61,9403101,25.5,1.2848684603431937,0.8995959595959596
perc_full64,perc,full64,5,gp,61,9403102,20.9,1.3813287985721965,0.9448484848484848
perc_full64,perc,full64,5,gp,61,9403103,24.200000000000003,1.312745764763371,1.0
perc_full64,perc,full64,5,gp,61,9403104,42.3,1.2370142880892745,1.0
perc_full64,perc,full64,5,gp,61,9403105,26.5,1.1754719402666205,0.8834343434343435
perc_full64,perc,full64,5,gp,61,9403106,26.1,1.2346319906363905,0.6498989898989899
perc_full64,perc,full64,5,gp,61,9403107,24.6,1.3626497839499097,1.0
perc_full64,perc,full64,5,gp,61,9403108,24.4,1.3840564910764797,1.0
perc_full64,perc,full64,5,gp,61,9403109,24.3,1.319955142493641,1.0
perc_full64,perc,full64,5,gp,61,9403110,25.4,1.2768113884577563,1.0
perc_full64,perc,full64,5,gp,61,9403111,23.4,1.320788252159666,1.0
perc_full64,perc,full64,5,gp,61,9403112,24.3,1.2040355364963724,0.2193939393939394
perc_full64,perc,full64,5,gp,61,9403113,23.4,1.2889428499144024,0.2985858585858585
perc_full64,perc,full64,5,gp,61,9403114,38.6,1.3310630574010744,1.0
perc_full64,perc,full64,5,gp,61,9403115,26.4,1.2903495882695248,1.0
perc_full64,perc,full64,6,forest,39,9403101,21.4,1.3767571631954507,1.0
perc_full64,perc,full64,6,forest,39,9403102,21.0,1.0885209830039348,0.2684848484848485
perc_full64,perc,full64,6,forest,39,9403103,27.0,1.2274731379818915,1.0
perc_full64,perc,full64,6,forest,39,9403104,24.4,1.2914854882957671,1.0
perc_full64,perc,full64,6,forest,39,9403105,26.3,1.316430633600437,0.7947474747474748
perc_full64,perc,full64,6,forest,39,9403106,27.4,1.2045564878079904,1.0
perc_full64,perc,full64,6,forest,39,9403107,20.1,1.2458749563892344,1.0
perc_full64,perc,full64,6,forest,39,9403108,23.6,1.3985473054577713,0.4509090909090909
perc_full64,perc,full64,6,forest,39,9403109,23.6,1.3335969676817407,1.0
perc_full64,perc,full64,6,forest,39,9403110,24.9,1.3400800030345372,0.4836363636363636
perc_full64,perc,full64,6,forest,39,9403111,23.6,1.4007217609538287,1.0
perc_full64,perc,full64,6,forest,39,9403112,21.1,1.3515454795504334,1.0
perc_full64,perc,full64,6,forest,39,9403113,25.5,1.3576833291560777,1.0
perc_full64,perc,full64,6,forest,39,9403114,24.4,1.0215686387222402,0.1836363636363636
perc_full64,perc,full64,6,forest,39,9403115,22.0,1.3629515249114523,1.0
perc_full64,perc,full64,7,forest,46,9403101,25.0,1.3812017683851312,1.0
perc_full64,perc,full64,7,forest,46,9403102,27.1,1.25096342471195,1.0
perc_full64,perc,full64,7,forest,46,9403103,25.6,1.056495782333451,0.616969696969697
perc_full64,perc,full64,7,forest,46,9403104,24.8,1.40578784302642,0.8658585858585859
perc_full64,perc,full64,7,forest,46,9403105,25.700000000000003,1.2169036098631467,1.0
perc_full64,perc,full64,7,forest,46,9403106,64.3,1.2464318285683285,1.0
perc_full64,perc,full64,7,forest,46,9403107,23.9,1.1642252832127649,0.2092929292929292
perc_full64,perc,full64,7,forest,46,9403108,23.9,1.4412142040174991,1.0
perc_full64,perc,full64,7,forest,46,9403109,23.6,1.2693616785199198,0.2177777777777777
perc_full64,perc,full64,7,forest,46,9403110,24.8,1.2192927203552748,1.0
perc_full64,perc,full64,7,forest,46,9403111,25.6,1.245034047282149,1.0
perc_full64,perc,full64,7,forest,46,9403112,24.4,1.2351792308840062,1.0
perc_full64,perc,full64,7,forest,46,9403113,39.6,1.3888142246819597,1.0
perc_full64,perc,full64,7,forest,46,9403114,25.700000000000003,1.3160863027164378,1.0
perc_full64,perc,full64,7,forest,46,9403115,38.5,1.3974030337397951,1.0
perc_full64,perc,full64,8,gp,64,9403101,72.8,1.1034052417935858,1.0
perc_full64,perc,full64,8,gp,64,9403102,20.3,1.2786969610848216,0.4103030303030303
perc_full64,perc,full64,8,gp,64,9403103,24.1,1.3961344391490758,1.0
perc_full64,perc,full64,8,gp,64,9403104,23.9,1.4055636442675907,0.6165656565656565
perc_full64,perc,full64,8,gp,64,9403105,24.6,1.0537046363631126,0.1363636363636363
perc_full64,perc,full64,8,gp,64,9403106,25.6,1.1524597672730856,1.0
perc_full64,perc,full64,8,gp,64,9403107,20.4,1.3088231034914877,1.0
perc_full64,perc,full64,8,gp,64,9403108,25.1,1.2151474971196372,0.4604040404040404
perc_full64,perc,full64,8,gp,64,9403109,38.7,1.297609359487115,0.487070707070707
perc_full64,perc,full64,8,gp,64,9403110,25.0,1.3360132527815072,1.0
perc_full64,perc,full64,8,gp,64,9403111,25.6,1.2554686333750362,1.0
perc_full64,perc,full64,8,gp,64,9403112,25.9,1.3070722909261112,0.5793939393939394
perc_full64,perc,full64,8,gp,64,9403113,24.0,1.411468863356394,1.0
perc_full64,perc,full64,8,gp,64,9403114,37.8,1.2678069151591185,1.0
perc_full64,perc,full64,8,gp,64,9403115,26.700000000000003,1.4221132687299782,1.0
perc_full64,perc,full64,9,gbrt,27,9403101,19.9,1.3800125892944624,1.0
perc_full64,perc,full64,9,gbrt,27,9403102,18.5,1.459650490563294,1.0
perc_full64,perc,full64,9,gbrt,27,9403103,17.1,1.5359254726898854,1.0
perc_full64,perc,full64,9,gbrt,27,9403104,19.700000000000003,1.379379348918522,1.0
perc_full64,perc,full64,9,gbrt,27,9403105,20.6,1.4528232554428162,1.0
perc_full64,perc,full64,9,gbrt,27,9403106,24.6,1.5019256439043789,1.0
perc_full64,perc,full64,9,gbrt,27,9403107,17.8,1.401345912268493,1.0
perc_full64,perc,full64,9,gbrt,27,9403108,19.700000000000003,1.3657241083058318,1.0
perc_full64,perc,full64,9,gbrt,27,9403109,18.9,1.3518333437374517,1.0
perc_full64,perc,full64,9,gbrt,27,9403110,19.9,1.4673227279647123,1.0
perc_full64,perc,full64,9,gbrt,27,9403111,20.4,1.3025964878286782,1.0
perc_full64,perc,full64,9,gbrt,27,9403112,19.5,1.270654479273465,1.0
perc_full64,perc,full64,9,gbrt,27,9403113,19.700000000000003,1.4319200707171456,1.0
perc_full64,perc,full64,9,gbrt,27,9403114,20.3,1.5575877113645926,1.0
perc_full64,perc,full64,9,gbrt,27,9403115,18.2,1.4502802082181188,1.0
perc_full64,perc,full64,10,gbrt,60,9403101,18.3,0.6566047704613271,0.0561616161616161
perc_full64,perc,full64,10,gbrt,60,9403102,25.3,0.6865061519893009,0.1153535353535353
perc_full64,perc,full64,10,gbrt,60,9403103,19.6,1.098786701417852,0.0951515151515151
perc_full64,perc,full64,10,gbrt,60,9403104,20.1,0.6319059352097324,0.0662626262626262
perc_full64,perc,full64,10,gbrt,60,9403105,17.7,0.8429645007841875,0.0527272727272727
perc_full64,perc,full64,10,gbrt,60,9403106,19.1,0.7826708890844254,0.0604040404040404
perc_full64,perc,full64,10,gbrt,60,9403107,21.5,0.7442782733713406,0.0929292929292929
perc_full64,perc,full64,10,gbrt,60,9403108,16.8,0.7622368055338647,0.046060606060606
perc_full64,perc,full64,10,gbrt,60,9403109,16.7,0.7160553417607143,0.0446464646464646
perc_full64,perc,full64,10,gbrt,60,9403110,18.7,0.9998094575828974,0.0862626262626262
perc_full64,perc,full64,10,gbrt,60,9403111,17.900000000000002,1.203331936613501,0.121010101010101
perc_full64,perc,full64,10,gbrt,60,9403112,18.4,0.8372792596606041,0.0608080808080808
perc_full64,perc,full64,10,gbrt,60,9403113,18.5,0.716828121915685,0.0581818181818181
perc_full64,perc,full64,10,gbrt,60,9403114,17.1,1.0197167264089633,0.0555555555555555
perc_full64,perc,full64,10,gbrt,60,9403115,24.6,1.138346108539614,0.1141414141414141
perc_latent8,perc,latent8,1,forest,47,9403101,6.5,1.390146740717251,0.2608080808080808
perc_latent8,perc,latent8,1,forest,47,9403102,6.9,0.9393948064383107,0.0529292929292929
perc_latent8,perc,latent8,1,forest,47,9403103,6.800000000000001,1.132055439456241,0.0923232323232323
perc_latent8,perc,latent8,1,forest,47,9403104,17.0,1.1546954514069336,1.0
perc_latent8,perc,latent8,1,forest,47,9403105,5.7,1.127876606110899,0.0761616161616161
perc_latent8,perc,latent8,1,forest,47,9403106,15.8,0.9845685829239084,0.0644444444444444
perc_latent8,perc,latent8,1,forest,47,9403107,16.6,0.7429790282388657,0.0547474747474747
perc_latent8,perc,latent8,1,forest,47,9403108,7.4,0.8058022533780108,0.0541414141414141
perc_latent8,perc,latent8,1,forest,47,9403109,6.9,0.8585863407529208,0.0553535353535353
perc_latent8,perc,latent8,1,forest,47,9403110,7.1000000000000005,1.0926281911369502,0.0698989898989899
perc_latent8,perc,latent8,1,forest,47,9403111,7.2,0.9926473075090166,0.0648484848484848
perc_latent8,perc,latent8,1,forest,47,9403112,14.5,0.8082779691247767,0.0535353535353535
perc_latent8,perc,latent8,1,forest,47,9403113,6.2,0.9729686806536544,0.0589898989898989
perc_latent8,perc,latent8,1,forest,47,9403114,14.2,1.192326043138287,1.0
perc_latent8,perc,latent8,1,forest,47,9403115,15.2,1.1457778180784066,0.1197979797979797
perc_latent8,perc,latent8,2,gp,68,9403101,11.5,1.1953874434061047,0.1167676767676767
perc_latent8,perc,latent8,2,gp,68,9403102,18.0,0.9274547727828732,0.1387878787878788
perc_latent8,perc,latent8,2,gp,68,9403103,17.8,0.792092631946388,0.0907070707070707
perc_latent8,perc,latent8,2,gp,68,9403104,18.0,0.86530785848708,0.08
perc_latent8,perc,latent8,2,gp,68,9403105,21.9,0.7617011170946968,0.1042424242424242
perc_latent8,perc,latent8,2,gp,68,9403106,16.1,0.9728258804997382,0.0864646464646464
perc_latent8,perc,latent8,2,gp,68,9403107,7.7,0.9056641727203124,0.1147474747474747
perc_latent8,perc,latent8,2,gp,68,9403108,19.9,1.1149017843120863,1.0
perc_latent8,perc,latent8,2,gp,68,9403109,12.9,1.0127978699936515,0.0888888888888888
perc_latent8,perc,latent8,2,gp,68,9403110,9.8,1.2576194812213215,0.2539393939393939
perc_latent8,perc,latent8,2,gp,68,9403111,11.0,0.8566556000208295,0.0894949494949494
perc_latent8,perc,latent8,2,gp,68,9403112,9.9,1.0563899602696123,0.1286868686868686
perc_latent8,perc,latent8,2,gp,68,9403113,14.4,1.230921816974693,0.5941414141414142
perc_latent8,perc,latent8,2,gp,68,9403114,18.0,1.1749365307614057,0.3844444444444444
perc_latent8,perc,latent8,2,gp,68,9403115,15.8,0.8726678724339193,0.0945454545454545
perc_latent8,perc,latent8,3,forest,99,9403101,6.6000000000000005,1.3889158337656011,0.2652525252525252
perc_latent8,perc,latent8,3,forest,99,9403102,6.7,1.1873053807390863,0.1353535353535353
perc_latent8,perc,latent8,3,forest,99,9403103,8.1,0.8513269796669586,0.0557575757575757
perc_latent8,perc,latent8,3,forest,99,9403104,19.200000000000003,0.8332772212940521,0.0731313131313131
perc_latent8,perc,latent8,3,forest,99,9403105,5.4,1.073354844475017,0.0721212121212121
perc_latent8,perc,latent8,3,forest,99,9403106,8.1,0.5481763531131564,0.0523232323232323
perc_latent8,perc,latent8,3,forest,99,9403107,15.7,0.8236467891343898,0.0553535353535353
perc_latent8,perc,latent8,3,forest,99,9403108,7.4,0.8324470298137614,0.0559595959595959
perc_latent8,perc,latent8,3,forest,99,9403109,16.5,0.8288163232078471,0.0555555555555555
perc_latent8,perc,latent8,3,forest,99,9403110,17.6,1.2506916893920097,0.163030303030303
perc_latent8,perc,latent8,3,forest,99,9403111,6.2,1.2957114854686278,0.1286868686868686
perc_latent8,perc,latent8,3,forest,99,9403112,17.7,0.8957569765017162,0.0684848484848484
perc_latent8,perc,latent8,3,forest,99,9403113,6.7,0.9920574023833656,0.0664646464646464
perc_latent8,perc,latent8,3,forest,99,9403114,17.5,1.0133893261920346,0.0951515151515151
perc_latent8,perc,latent8,3,forest,99,9403115,15.8,0.8548679764682768,0.0587878787878787
perc_latent8,perc,latent8,4,forest,87,9403101,14.4,1.202516514298385,0.1193939393939394
perc_latent8,perc,latent8,4,forest,87,9403102,7.4,1.38946933006288,0.7393939393939394
perc_latent8,perc,latent8,4,forest,87,9403103,16.900000000000002,1.4018264532646614,0.1638383838383838
perc_latent8,perc,latent8,4,forest,87,9403104,18.5,0.6790149063819743,0.0656565656565656
perc_latent8,perc,latent8,4,forest,87,9403105,6.5,1.3965202084772583,0.5478787878787879
perc_latent8,perc,latent8,4,forest,87,9403106,17.400000000000002,1.388043741564203,0.3161616161616161
perc_latent8,perc,latent8,4,forest,87,9403107,22.8,0.5032885494171491,0.0682828282828282
perc_latent8,perc,latent8,4,forest,87,9403108,8.8,1.2237253770552374,0.1127272727272727
perc_latent8,perc,latent8,4,forest,87,9403109,7.4,1.0615510457171002,0.0789898989898989
perc_latent8,perc,latent8,4,forest,87,9403110,7.0,0.7512332412598239,0.061010101010101
perc_latent8,perc,latent8,4,forest,87,9403111,6.4,1.3787267164850876,0.2505050505050505
perc_latent8,perc,latent8,4,forest,87,9403112,7.5,1.2777158799281572,0.1654545454545454
perc_latent8,perc,latent8,4,forest,87,9403113,7.4,1.056799509339178,0.0686868686868686
perc_latent8,perc,latent8,4,forest,87,9403114,15.8,1.3338969863526409,0.1511111111111111
perc_latent8,perc,latent8,4,forest,87,9403115,14.7,0.9715748199442245,0.062020202020202
perc_latent8,perc,latent8,5,forest,69,9403101,6.5,1.1834073828011662,0.1296969696969697
perc_latent8,perc,latent8,5,forest,69,9403102,8.200000000000001,1.2348090076174292,0.1208080808080808
perc_latent8,perc,latent8,5,forest,69,9403103,15.2,1.1897266166259113,0.0991919191919191
perc_latent8,perc,latent8,5,forest,69,9403104,21.4,0.5306672326139616,0.0626262626262626
perc_latent8,perc,latent8,5,forest,69,9403105,5.9,0.9110655566680697,0.0751515151515151
perc_latent8,perc,latent8,5,forest,69,9403106,18.7,0.6007281671025563,0.0555555555555555
perc_latent8,perc,latent8,5,forest,69,9403107,17.2,1.221508705274624,0.1537373737373737
perc_latent8,perc,latent8,5,forest,69,9403108,9.8,0.6240272774994431,0.0614141414141414
perc_latent8,perc,latent8,5,forest,69,9403109,18.7,0.524045281239078,0.0533333333333333
perc_latent8,perc,latent8,5,forest,69,9403110,18.6,0.4981821943465547,0.0494949494949494
perc_latent8,perc,latent8,5,forest,69,9403111,6.7,1.2236969265093616,0.4442424242424242
perc_latent8,perc,latent8,5,forest,69,9403112,19.0,0.5052050776502346,0.0525252525252525
perc_latent8,perc,latent8,5,forest,69,9403113,7.1000000000000005,0.5929962695833233,0.0557575757575757
perc_latent8,perc,latent8,5,forest,69,9403114,8.0,1.200122282147425,1.0
perc_latent8,perc,latent8,5,forest,69,9403115,7.800000000000001,0.8322347789233225,0.0579797979797979
perc_latent8,perc,latent8,6,gp,38,9403101,17.2,0.9949472702672338,0.0973737373737373
perc_latent8,perc,latent8,6,gp,38,9403102,12.1,1.206406280464808,0.1296969696969697
perc_latent8,perc,latent8,6,gp,38,9403103,16.5,1.2044028050500606,0.1474747474747474
perc_latent8,perc,latent8,6,gp,38,9403104,16.5,1.287140103580651,0.1452525252525252
perc_latent8,perc,latent8,6,gp,38,9403105,17.0,1.0337366621030917,0.2022222222222222
perc_latent8,perc,latent8,6,gp,38,9403106,8.700000000000001,1.208012099010606,0.2036363636363636
perc_latent8,perc,latent8,6,gp,38,9403107,7.6,1.018933730059608,0.1088888888888888
perc_latent8,perc,latent8,6,gp,38,9403108,13.7,1.1354545063742552,1.0
perc_latent8,perc,latent8,6,gp,38,9403109,17.900000000000002,1.0556880158296638,0.1789898989898989
perc_latent8,perc,latent8,6,gp,38,9403110,11.6,0.9061327926033956,0.0563636363636363
perc_latent8,perc,latent8,6,gp,38,9403111,18.6,0.8746746899517162,0.181010101010101
perc_latent8,perc,latent8,6,gp,38,9403112,7.1000000000000005,1.0625854585210586,1.0
perc_latent8,perc,latent8,6,gp,38,9403113,16.2,0.7010304289698915,0.0743434343434343
perc_latent8,perc,latent8,6,gp,38,9403114,20.6,0.9054939225905784,0.085050505050505
perc_latent8,perc,latent8,6,gp,38,9403115,6.800000000000001,1.0864561817004392,1.0
perc_latent8,perc,latent8,7,forest,65,9403101,6.2,0.5924008518704995,0.0591919191919191
perc_latent8,perc,latent8,7,forest,65,9403102,6.9,1.1458358085466924,0.0818181818181818
perc_latent8,perc,latent8,7,forest,65,9403103,15.7,0.986650651851172,0.0668686868686868
perc_latent8,perc,latent8,7,forest,65,9403104,17.400000000000002,1.0396714140416203,0.0741414141414141
perc_latent8,perc,latent8,7,forest,65,9403105,5.4,1.027378435670996,0.065050505050505
perc_latent8,perc,latent8,7,forest,65,9403106,16.8,0.9872856635840936,0.0634343434343434
perc_latent8,perc,latent8,7,forest,65,9403107,18.5,1.2374564929092209,0.2616161616161616
perc_latent8,perc,latent8,7,forest,65,9403108,7.5,0.7436806489792542,0.0509090909090909
perc_latent8,perc,latent8,7,forest,65,9403109,16.7,0.908503222116406,0.0591919191919191
perc_latent8,perc,latent8,7,forest,65,9403110,15.6,0.9848199864329528,0.064040404040404
perc_latent8,perc,latent8,7,forest,65,9403111,6.0,0.8091589705722507,0.0529292929292929
perc_latent8,perc,latent8,7,forest,65,9403112,16.1,0.8397659651323817,0.0555555555555555
perc_latent8,perc,latent8,7,forest,65,9403113,5.800000000000001,0.8386229776843517,0.0703030303030303
perc_latent8,perc,latent8,7,forest,65,9403114,6.4,1.123250019815718,0.103030303030303
perc_latent8,perc,latent8,7,forest,65,9403115,6.300000000000001,1.0411279904005724,0.0626262626262626
perc_latent8,perc,latent8,8,forest,57,9403101,7.2,0.8998543771320567,0.0961616161616161
perc_latent8,perc,latent8,8,forest,57,9403102,6.5,1.2521464273615397,0.2206060606060606
perc_latent8,perc,latent8,8,forest,57,9403103,15.0,1.0487904122414549,0.0688888888888888
perc_latent8,perc,latent8,8,forest,57,9403104,17.6,1.371674913688866,0.2137373737373737
perc_latent8,perc,latent8,8,forest,57,9403105,6.2,1.1847795361654097,0.147070707070707
perc_latent8,perc,latent8,8,forest,57,9403106,8.1,1.405453836180905,0.1436363636363636
perc_latent8,perc,latent8,8,forest,57,9403107,20.1,1.3253069094755596,0.8842424242424243
perc_latent8,perc,latent8,8,forest,57,9403108,7.2,1.2402998644428305,0.1763636363636363
perc_latent8,perc,latent8,8,forest,57,9403109,7.7,1.290727762016197,0.1442424242424242
perc_latent8,perc,latent8,8,forest,57,9403110,7.7,0.5441999609971275,0.0537373737373737
perc_latent8,perc,latent8,8,forest,57,9403111,6.800000000000001,1.2887673354056457,1.0
perc_latent8,perc,latent8,8,forest,57,9403112,7.0,0.9970511428642358,0.0662626262626262
perc_latent8,perc,latent8,8,forest,57,9403113,6.9,1.421472640022123,0.2907070707070707
perc_latent8,perc,latent8,8,forest,57,9403114,7.4,0.5576343709127333,0.064040404040404
perc_latent8,perc,latent8,8,forest,57,9403115,17.3,1.1719319883548571,0.1058585858585858
perc_latent8,perc,latent8,9,forest,90,9403101,8.200000000000001,1.307260301859664,0.2597979797979798
perc_latent8,perc,latent8,9,forest,90,9403102,16.7,1.3848984563342024,0.4371717171717171
perc_latent8,perc,latent8,9,forest,90,9403103,15.5,0.9809242155304913,0.0658585858585858
perc_latent8,perc,latent8,9,forest,90,9403104,20.8,1.3789166415958038,0.7482828282828283
perc_latent8,perc,latent8,9,forest,90,9403105,7.4,1.2815828180750268,0.6278787878787879
perc_latent8,perc,latent8,9,forest,90,9403106,19.3,0.5409401137039634,0.0569696969696969
perc_latent8,perc,latent8,9,forest,90,9403107,22.200000000000003,0.5368455218587178,0.0721212121212121
perc_latent8,perc,latent8,9,forest,90,9403108,7.800000000000001,0.5286083686693667,0.0553535353535353
perc_latent8,perc,latent8,9,forest,90,9403109,7.9,1.3094311098583022,0.2165656565656565
perc_latent8,perc,latent8,9,forest,90,9403110,7.7,1.3776541820727897,0.3092929292929293
perc_latent8,perc,latent8,9,forest,90,9403111,7.5,0.5205177545003263,0.0587878787878787
perc_latent8,perc,latent8,9,forest,90,9403112,8.9,0.854051892860994,0.0644444444444444
perc_latent8,perc,latent8,9,forest,90,9403113,9.0,1.3239440242902454,0.5658585858585858
perc_latent8,perc,latent8,9,forest,90,9403114,7.2,1.2463697764180222,1.0
perc_latent8,perc,latent8,9,forest,90,9403115,22.6,0.4054983670046612,0.0525252525252525
perc_latent8,perc,latent8,10,forest,66,9403101,7.2,1.1737122996260148,0.1206060606060606
perc_latent8,perc,latent8,10,forest,66,9403102,8.3,0.5187520758467026,0.0519191919191919
perc_latent8,perc,latent8,10,forest,66,9403103,17.1,0.8532063145139833,0.0612121212121212
perc_latent8,perc,latent8,10,forest,66,9403104,8.1,0.7473717968035604,0.0785858585858585
perc_latent8,perc,latent8,10,forest,66,9403105,6.300000000000001,0.8900707500039782,0.0694949494949495
perc_latent8,perc,latent8,10,forest,66,9403106,7.1000000000000005,0.8793671304542752,0.087070707070707
perc_latent8,perc,latent8,10,forest,66,9403107,20.0,1.447579115402216,0.3494949494949494
perc_latent8,perc,latent8,10,forest,66,9403108,8.200000000000001,0.7470077684311772,0.0513131313131313
perc_latent8,perc,latent8,10,forest,66,9403109,7.800000000000001,1.373531619877589,0.501010101010101
perc_latent8,perc,latent8,10,forest,66,9403110,7.1000000000000005,1.4077967904661148,0.3004040404040404
perc_latent8,perc,latent8,10,forest,66,9403111,8.0,0.8984425522663444,0.0579797979797979
perc_latent8,perc,latent8,10,forest,66,9403112,18.7,0.5193126337804302,0.0523232323232323
perc_latent8,perc,latent8,10,forest,66,9403113,19.6,1.0190180917047067,0.1351515151515151
perc_latent8,perc,latent8,10,forest,66,9403114,13.0,1.3661212413433157,0.1597979797979798
perc_latent8,perc,latent8,10,forest,66,9403115,17.0,0.8341812642321065,0.06
pinn_latent8,pinn,latent8,1,gp,53,9403101,9.6,7.38960075378418,0.37
pinn_latent8,pinn,latent8,1,gp,53,9403102,15.0,1.380372405052185,1.0
pinn_latent8,pinn,latent8,1,gp,53,9403103,9.7,8.182266235351562,0.3894
pinn_latent8,pinn,latent8,1,gp,53,9403104,14.3,4.844827175140381,0.2524
pinn_latent8,pinn,latent8,1,gp,53,9403105,8.700000000000001,10.781705856323242,0.0898
pinn_latent8,pinn,latent8,1,gp,53,9403106,20.5,7.437257766723633,0.475
pinn_latent8,pinn,latent8,1,gp,53,9403107,7.6,14.005443572998049,0.2024
pinn_latent8,pinn,latent8,1,gp,53,9403108,10.4,3.1395297050476074,0.6642
pinn_latent8,pinn,latent8,1,gp,53,9403109,16.900000000000002,1.1720811128616333,1.0
pinn_latent8,pinn,latent8,1,gp,53,9403110,10.3,5.943902015686035,0.5924
pinn_latent8,pinn,latent8,1,gp,53,9403111,11.1,9.987815856933594,0.3188
pinn_latent8,pinn,latent8,1,gp,53,9403112,11.0,1.4259744882583618,1.0
pinn_latent8,pinn,latent8,1,gp,53,9403113,9.9,11.285993576049805,0.3682
pinn_latent8,pinn,latent8,1,gp,53,9403114,11.4,1.454373478889465,1.0
pinn_latent8,pinn,latent8,1,gp,53,9403115,9.2,13.162699699401855,0.103
pinn_latent8,pinn,latent8,2,gbrt,49,9403101,9.5,1.9416865110397337,0.871
pinn_latent8,pinn,latent8,2,gbrt,49,9403102,15.1,2.118671178817749,0.7504
pinn_latent8,pinn,latent8,2,gbrt,49,9403103,9.7,8.457797050476074,0.2884
pinn_latent8,pinn,latent8,2,gbrt,49,9403104,14.2,3.149908304214477,0.4116
pinn_latent8,pinn,latent8,2,gbrt,49,9403105,8.700000000000001,21.32049560546875,0.0892
pinn_latent8,pinn,latent8,2,gbrt,49,9403106,20.5,20.758522033691406,0.31
pinn_latent8,pinn,latent8,2,gbrt,49,9403107,7.6,1.4032076597213743,0.9862
pinn_latent8,pinn,latent8,2,gbrt,49,9403108,10.4,6.099860668182373,0.3296
pinn_latent8,pinn,latent8,2,gbrt,49,9403109,17.0,1.408534049987793,0.9936
pinn_latent8,pinn,latent8,2,gbrt,49,9403110,10.3,13.667149543762209,0.187
pinn_latent8,pinn,latent8,2,gbrt,49,9403111,11.2,2.0605456829071045,0.6452
pinn_latent8,pinn,latent8,2,gbrt,49,9403112,11.0,1.358487844467163,1.0
pinn_latent8,pinn,latent8,2,gbrt,49,9403113,9.9,7.542655467987059,0.5028
pinn_latent8,pinn,latent8,2,gbrt,49,9403114,11.4,1.437465786933899,0.9874
pinn_latent8,pinn,latent8,2,gbrt,49,9403115,9.2,9.275256156921388,0.1192
pinn_latent8,pinn,latent8,3,gbrt,47,9403101,9.4,6.101152896881104,0.3578
pinn_latent8,pinn,latent8,3,gbrt,47,9403102,15.4,1.4173015356063845,1.0
pinn_latent8,pinn,latent8,3,gbrt,47,9403103,9.8,2.5059192180633545,0.7812
pinn_latent8,pinn,latent8,3,gbrt,47,9403104,14.2,4.203413963317871,0.429
pinn_latent8,pinn,latent8,3,gbrt,47,9403105,8.700000000000001,2.1033382415771484,0.763
pinn_latent8,pinn,latent8,3,gbrt,47,9403106,20.5,1.3267143964767456,0.991
pinn_latent8,pinn,latent8,3,gbrt,47,9403107,7.6,1.3628792762756348,0.9868
pinn_latent8,pinn,latent8,3,gbrt,47,9403108,10.3,1.4420017004013062,1.0
pinn_latent8,pinn,latent8,3,gbrt,47,9403109,17.0,1.2679545879364014,1.0
pinn_latent8,pinn,latent8,3,gbrt,47,9403110,10.2,5.047649383544922,0.4914
pinn_latent8,pinn,latent8,3,gbrt,47,9403111,11.3,19.406435012817383,0.3024
pinn_latent8,pinn,latent8,3,gbrt,47,9403112,15.2,1.4634689092636108,1.0
pinn_latent8,pinn,latent8,3,gbrt,47,9403113,9.9,14.167149543762209,0.2876
pinn_latent8,pinn,latent8,3,gbrt,47,9403114,11.3,1.391931414604187,1.0
pinn_latent8,pinn,latent8,3,gbrt,47,9403115,9.2,4.687504768371582,0.5122
pinn_latent8,pinn,latent8,4,gbrt,55,9403101,9.4,2.513653039932251,0.8322
pinn_latent8,pinn,latent8,4,gbrt,55,9403102,15.6,7.273426532745361,0.4082
pinn_latent8,pinn,latent8,4,gbrt,55,9403103,9.8,5.069205284118652,0.4094
pinn_latent8,pinn,latent8,4,gbrt,55,9403104,14.2,5.164126396179199,0.3808
pinn_latent8,pinn,latent8,4,gbrt,55,9403105,8.700000000000001,7.634721755981445,0.0886
pinn_latent8,pinn,latent8,4,gbrt,55,9403106,20.4,1.5965756177902222,0.9102
pinn_latent8,pinn,latent8,4,gbrt,55,9403107,7.6,1.6728335618972778,0.881
pinn_latent8,pinn,latent8,4,gbrt,55,9403108,10.3,1.4742615222930908,1.0
pinn_latent8,pinn,latent8,4,gbrt,55,9403109,17.0,14.446971893310549,0.1812
pinn_latent8,pinn,latent8,4,gbrt,55,9403110,10.3,14.783981323242188,0.2952
pinn_latent8,pinn,latent8,4,gbrt,55,9403111,11.3,12.95330047607422,0.1318
pinn_latent8,pinn,latent8,4,gbrt,55,9403112,11.0,4.408644676208496,0.5636
pinn_latent8,pinn,latent8,4,gbrt,55,9403113,10.0,3.1294233798980717,0.5628
pinn_latent8,pinn,latent8,4,gbrt,55,9403114,11.5,3.2312827110290527,0.6234
pinn_latent8,pinn,latent8,4,gbrt,55,9403115,9.1,6.2892937660217285,0.4746
pinn_latent8,pinn,latent8,5,gp,63,9403101,9.4,1.348663330078125,1.0
pinn_latent8,pinn,latent8,5,gp,63,9403102,16.0,5.744978904724121,0.5588
pinn_latent8,pinn,latent8,5,gp,63,9403103,9.8,6.612656116485596,0.1894
pinn_latent8,pinn,latent8,5,gp,63,9403104,14.2,6.907955646514893,0.3168
pinn_latent8,pinn,latent8,5,gp,63,9403105,8.8,6.948975563049316,0.1448
pinn_latent8,pinn,latent8,5,gp,63,9403106,20.5,8.826798439025879,0.3622
pinn_latent8,pinn,latent8,5,gp,63,9403107,7.5,5.538058757781982,0.405
pinn_latent8,pinn,latent8,5,gp,63,9403108,10.3,1.4169864654541016,1.0
pinn_latent8,pinn,latent8,5,gp,63,9403109,17.0,1.257315754890442,1.0
pinn_latent8,pinn,latent8,5,gp,63,9403110,10.1,12.075547218322754,0.4868
pinn_latent8,pinn,latent8,5,gp,63,9403111,11.4,1.5525062084197998,0.8706
pinn_latent8,pinn,latent8,5,gp,63,9403112,11.1,1.5112959146499634,0.9602
pinn_latent8,pinn,latent8,5,gp,63,9403113,9.9,4.970977783203125,0.2388
pinn_latent8,pinn,latent8,5,gp,63,9403114,11.3,1.4421651363372805,1.0
pinn_latent8,pinn,latent8,5,gp,63,9403115,9.3,6.766105651855469,0.1188
pinn_latent8,pinn,latent8,6,gp,68,9403101,9.4,4.528905391693115,0.5136
pinn_latent8,pinn,latent8,6,gp,68,9403102,16.0,2.026206016540528,0.7708
pinn_latent8,pinn,latent8,6,gp,68,9403103,9.8,13.072504997253418,0.177
pinn_latent8,pinn,latent8,6,gp,68,9403104,14.2,12.090665817260742,0.2906
pinn_latent8,pinn,latent8,6,gp,68,9403105,8.8,6.885931968688965,0.1334
pinn_latent8,pinn,latent8,6,gp,68,9403106,20.5,4.466123580932617,0.5942
pinn_latent8,pinn,latent8,6,gp,68,9403107,7.6,5.898870944976807,0.4374
pinn_latent8,pinn,latent8,6,gp,68,9403108,10.3,1.4355065822601318,1.0
pinn_latent8,pinn,latent8,6,gp,68,9403109,17.0,1.3011271953582764,1.0
pinn_latent8,pinn,latent8,6,gp,68,9403110,10.1,15.792716979980469,0.4124
pinn_latent8,pinn,latent8,6,gp,68,9403111,11.4,7.600846767425537,0.4378
pinn_latent8,pinn,latent8,6,gp,68,9403112,11.1,1.46331524848938,1.0
pinn_latent8,pinn,latent8,6,gp,68,9403113,9.9,5.259500980377197,0.1986
pinn_latent8,pinn,latent8,6,gp,68,9403114,11.3,1.425230622291565,1.0
pinn_latent8,pinn,latent8,6,gp,68,9403115,9.3,12.032112121582031,0.1258
pinn_latent8,pinn,latent8,7,gp,62,9403101,9.4,2.080729484558105,0.8422
pinn_latent8,pinn,latent8,7,gp,62,9403102,16.3,1.3182271718978882,1.0
pinn_latent8,pinn,latent8,7,gp,62,9403103,9.8,9.404869079589844,0.1794
pinn_latent8,pinn,latent8,7,gp,62,9403104,14.2,9.488534927368164,0.362
pinn_latent8,pinn,latent8,7,gp,62,9403105,8.8,15.971185684204102,0.1184
pinn_latent8,pinn,latent8,7,gp,62,9403106,20.5,1.8328179121017456,0.8748
pinn_latent8,pinn,latent8,7,gp,62,9403107,7.5,1.7656408548355105,0.8316
pinn_latent8,pinn,latent8,7,gp,62,9403108,10.3,1.4886394739151,1.0
pinn_latent8,pinn,latent8,7,gp,62,9403109,17.0,1.388347029685974,1.0
pinn_latent8,pinn,latent8,7,gp,62,9403110,10.1,16.3113956451416,0.2622
pinn_latent8,pinn,latent8,7,gp,62,9403111,11.5,1.8300886154174805,0.7776
pinn_latent8,pinn,latent8,7,gp,62,9403112,11.0,1.9446771144866943,0.7964
pinn_latent8,pinn,latent8,7,gp,62,9403113,9.9,9.27312469482422,0.215
pinn_latent8,pinn,latent8,7,gp,62,9403114,11.3,1.5984028577804563,0.9322
pinn_latent8,pinn,latent8,7,gp,62,9403115,9.2,7.345382213592529,0.1736
pinn_latent8,pinn,latent8,8,gp,58,9403101,9.3,1.438033938407898,1.0
pinn_latent8,pinn,latent8,8,gp,58,9403102,16.3,1.3318779468536377,1.0
pinn_latent8,pinn,latent8,8,gp,58,9403103,9.8,3.20255184173584,0.5966
pinn_latent8,pinn,latent8,8,gp,58,9403104,14.2,4.366932392120361,0.2928
pinn_latent8,pinn,latent8,8,gp,58,9403105,8.700000000000001,11.288572311401367,0.0866
pinn_latent8,pinn,latent8,8,gp,58,9403106,20.4,1.379794359207153,0.9906
pinn_latent8,pinn,latent8,8,gp,58,9403107,7.5,1.8115910291671755,0.862
pinn_latent8,pinn,latent8,8,gp,58,9403108,10.3,1.4709203243255615,1.0
pinn_latent8,pinn,latent8,8,gp,58,9403109,17.1,2.3133788108825684,0.7582
pinn_latent8,pinn,latent8,8,gp,58,9403110,10.2,4.067813873291016,0.453
pinn_latent8,pinn,latent8,8,gp,58,9403111,11.4,1.4566750526428225,1.0
pinn_latent8,pinn,latent8,8,gp,58,9403112,11.0,1.319831371307373,1.0
pinn_latent8,pinn,latent8,8,gp,58,9403113,10.0,7.098008632659912,0.5446
pinn_latent8,pinn,latent8,8,gp,58,9403114,11.5,1.427560329437256,1.0
pinn_latent8,pinn,latent8,8,gp,58,9403115,9.2,1.37959885597229,1.0
pinn_latent8,pinn,latent8,9,gp,61,9403101,9.4,2.6933367252349854,0.685
pinn_latent8,pinn,latent8,9,gp,61,9403102,16.3,1.3423819541931152,1.0
pinn_latent8,pinn,latent8,9,gp,61,9403103,9.8,11.37374496459961,0.1802
pinn_latent8,pinn,latent8,9,gp,61,9403104,14.2,7.389829635620117,0.3184
pinn_latent8,pinn,latent8,9,gp,61,9403105,8.8,9.100312232971191,0.1186
pinn_latent8,pinn,latent8,9,gp,61,9403106,20.5,1.3467265367507937,1.0
pinn_latent8,pinn,latent8,9,gp,61,9403107,7.5,1.505697250366211,0.9626
pinn_latent8,pinn,latent8,9,gp,61,9403108,10.3,1.4801690578460691,1.0
pinn_latent8,pinn,latent8,9,gp,61,9403109,17.0,1.2439379692077637,1.0
pinn_latent8,pinn,latent8,9,gp,61,9403110,10.1,15.870643615722656,0.366
pinn_latent8,pinn,latent8,9,gp,61,9403111,11.5,1.3865872621536257,1.0
pinn_latent8,pinn,latent8,9,gp,61,9403112,11.0,1.2769232988357544,1.0
pinn_latent8,pinn,latent8,9,gp,61,9403113,9.9,2.120995283126831,0.6552
pinn_latent8,pinn,latent8,9,gp,61,9403114,11.4,1.4215911626815796,1.0
pinn_latent8,pinn,latent8,9,gp,61,9403115,9.2,1.3318016529083252,1.0
pinn_latent8,pinn,latent8,10,gp,64,9403101,9.4,1.4814095497131348,1.0
pinn_latent8,pinn,latent8,10,gp,64,9403102,16.3,15.702280044555664,0.1874
pinn_latent8,pinn,latent8,10,gp,64,9403103,9.8,1.3519397974014282,1.0
pinn_latent8,pinn,latent8,10,gp,64,9403104,14.2,4.4767889976501465,0.3714
pinn_latent8,pinn,latent8,10,gp,64,9403105,8.8,22.116405487060547,0.119
pinn_latent8,pinn,latent8,10,gp,64,9403106,20.5,10.0010347366333,0.3486
pinn_latent8,pinn,latent8,10,gp,64,9403107,7.5,1.3024933338165283,0.9788
pinn_latent8,pinn,latent8,10,gp,64,9403108,10.3,1.4199389219284058,1.0
pinn_latent8,pinn,latent8,10,gp,64,9403109,17.0,1.4307687282562256,1.0
pinn_latent8,pinn,latent8,10,gp,64,9403110,10.1,27.12869453430176,0.2338
pinn_latent8,pinn,latent8,10,gp,64,9403111,11.5,1.3701565265655518,1.0
pinn_latent8,pinn,latent8,10,gp,64,9403112,11.1,1.7151172161102295,1.0
pinn_latent8,pinn,latent8,10,gp,64,9403113,9.8,4.118289947509766,0.6974
pinn_latent8,pinn,latent8,10,gp,64,9403114,11.3,4.386724948883057,0.6188
pinn_latent8,pinn,latent8,10,gp,64,9403115,9.3,6.094189643859863,0.1642
rc_full64,rc,full64,1,gp,78,9403101,25.4,1.2310410598311523,1.0
rc_full64,rc,full64,1,gp,78,9403102,21.3,1.4066120099516877,0.8915151515151515
rc_full64,rc,full64,1,gp,78,9403103,23.5,1.3548306247809947,1.0
rc_full64,rc,full64,1,gp,78,9403104,23.3,1.3953242534278891,0.5266666666666666
rc_full64,rc,full64,1,gp,78,9403105,27.0,1.2140712712258652,0.8313131313131313
rc_full64,rc,full64,1,gp,78,9403106,24.200000000000003,1.276311875090699,1.0
rc_full64,rc,full64,1,gp,78,9403107,20.200000000000003,1.3321544045747034,0.7307070707070707
rc_full64,rc,full64,1,gp,78,9403108,20.6,1.233742119014383,1.0
rc_full64,rc,full64,1,gp,78,9403109,25.200000000000003,1.427478849551874,0.976161616161616
rc_full64,rc,full64,1,gp,78,9403110,25.8,0.5351870621260314,0.1084848484848484
rc_full64,rc,full64,1,gp,78,9403111,39.0,1.2231748613965392,1.0
rc_full64,rc,full64,1,gp,78,9403112,38.0,0.6467645146414422,0.1604040404040404
rc_full64,rc,full64,1,gp,78,9403113,20.200000000000003,1.390739109632378,1.0
rc_full64,rc,full64,1,gp,78,9403114,24.1,1.4109637488466538,1.0
rc_full64,rc,full64,1,gp,78,9403115,26.4,1.194093845620011,1.0
rc_full64,rc,full64,2,forest,80,9403101,19.200000000000003,0.781923263806019,0.064040404040404
rc_full64,rc,full64,2,forest,80,9403102,26.700000000000003,1.2865987305409596,0.3151515151515151
rc_full64,rc,full64,2,forest,80,9403103,20.0,1.338826520493637,0.5571717171717172
rc_full64,rc,full64,2,forest,80,9403104,20.4,1.201047557695536,0.1995959595959596
rc_full64,rc,full64,2,forest,80,9403105,20.1,1.3107191384415957,0.5662626262626262
rc_full64,rc,full64,2,forest,80,9403106,18.8,1.2319153920118768,0.3585858585858585
rc_full64,rc,full64,2,forest,80,9403107,26.9,0.863649545358706,0.2248484848484848
rc_full64,rc,full64,2,forest,80,9403108,26.0,0.9787260651119888,0.2862626262626263
rc_full64,rc,full64,2,forest,80,9403109,24.700000000000003,0.6018939857170705,0.1153535353535353
rc_full64,rc,full64,2,forest,80,9403110,20.5,1.271158789250959,0.5325252525252525
rc_full64,rc,full64,2,forest,80,9403111,37.2,0.9153387208866566,0.2319191919191919
rc_full64,rc,full64,2,forest,80,9403112,23.1,1.3532761214947668,0.2042424242424242
rc_full64,rc,full64,2,forest,80,9403113,25.3,1.4151013142587392,1.0
rc_full64,rc,full64,2,forest,80,9403114,19.3,1.3159750142323663,0.5626262626262626
rc_full64,rc,full64,2,forest,80,9403115,25.6,1.2050495337853115,0.3214141414141414
rc_full64,rc,full64,3,gbrt,6,9403101,19.700000000000003,1.3858519280793673,1.0
rc_full64,rc,full64,3,gbrt,6,9403102,25.9,1.3985431942382998,0.7402020202020202
rc_full64,rc,full64,3,gbrt,6,9403103,19.6,1.319954792826494,0.1745454545454545
rc_full64,rc,full64,3,gbrt,6,9403104,18.9,1.3962213354683777,1.0
rc_full64,rc,full64,3,gbrt,6,9403105,26.700000000000003,1.4256262738847032,0.841010101010101
rc_full64,rc,full64,3,gbrt,6,9403106,25.1,1.5236613940022694,1.0
rc_full64,rc,full64,3,gbrt,6,9403107,18.6,1.4695117029035754,0.5006060606060606
rc_full64,rc,full64,3,gbrt,6,9403108,23.0,1.4836210043468618,0.8593939393939394
rc_full64,rc,full64,3,gbrt,6,9403109,19.6,1.3742581295268548,0.5246464646464647
rc_full64,rc,full64,3,gbrt,6,9403110,19.3,1.594063020710539,0.404040404040404
rc_full64,rc,full64,3,gbrt,6,9403111,20.9,1.3918876559776472,0.3349494949494949
rc_full64,rc,full64,3,gbrt,6,9403112,23.5,1.4177836957027397,0.8638383838383838
rc_full64,rc,full64,3,gbrt,6,9403113,22.700000000000003,1.6103221268369867,0.2298989898989899
rc_full64,rc,full64,3,gbrt,6,9403114,19.3,1.4896883592559853,0.7074747474747475
rc_full64,rc,full64,3,gbrt,6,9403115,22.700000000000003,1.4350038146183623,0.2543434343434343
rc_full64,rc,full64,4,gp,72,9403101,23.1,1.4650285216567047,1.0
rc_full64,rc,full64,4,gp,72,9403102,20.200000000000003,1.3528623009663032,1.0
rc_full64,rc,full64,4,gp,72,9403103,26.5,1.0824718971199878,0.4975757575757575
rc_full64,rc,full64,4,gp,72,9403104,22.1,1.3940084334718414,1.0
rc_full64,rc,full64,4,gp,72,9403105,23.9,1.3067703288775283,1.0
rc_full64,rc,full64,4,gp,72,9403106,20.1,1.36286900993974,1.0
rc_full64,rc,full64,4,gp,72,9403107,19.0,1.3464248410349264,0.7806060606060606
rc_full64,rc,full64,4,gp,72,9403108,24.6,1.4668087542135937,1.0
rc_full64,rc,full64,4,gp,72,9403109,20.1,1.480880935276015,0.8268686868686869
rc_full64,rc,full64,4,gp,72,9403110,18.9,1.4022306916619611,1.0
rc_full64,rc,full64,4,gp,72,9403111,25.700000000000003,1.2648847998656827,0.4642424242424242
rc_full64,rc,full64,4,gp,72,9403112,26.4,1.2839237064229367,1.0
rc_full64,rc,full64,4,gp,72,9403113,24.700000000000003,1.4050473818756897,1.0
rc_full64,rc,full64,4,gp,72,9403114,20.700000000000003,1.3315195763077343,0.4448484848484848
rc_full64,rc,full64,4,gp,72,9403115,19.3,1.506511567745819,1.0
rc_full64,rc,full64,5,dummy,40,9403101,24.200000000000003,1.4967751216770908,0.7987878787878788
rc_full64,rc,full64,5,dummy,40,9403102,17.5,1.134294478705942,0.1157575757575757
rc_full64,rc,full64,5,dummy,40,9403103,17.400000000000002,1.249881901802412,0.2339393939393939
rc_full64,rc,full64,5,dummy,40,9403104,18.7,1.202108879285118,0.1812121212121212
rc_full64,rc,full64,5,dummy,40,9403105,18.6,1.400408364068721,0.1832323232323232
rc_full64,rc,full64,5,dummy,40,9403106,21.200000000000003,1.3369259999641243,0.7834343434343435
rc_full64,rc,full64,5,dummy,40,9403107,17.1,1.2249618587250533,0.1331313131313131
rc_full64,rc,full64,5,dummy,40,9403108,19.5,1.467200190462192,1.0
rc_full64,rc,full64,5,dummy,40,9403109,17.7,1.2517021412421037,0.185050505050505
rc_full64,rc,full64,5,dummy,40,9403110,18.2,1.371806081684077,0.422020202020202
rc_full64,rc,full64,5,dummy,40,9403111,20.1,1.2107892526297543,0.2626262626262626
rc_full64,rc,full64,5,dummy,40,9403112,23.700000000000003,1.494064691250695,0.2997979797979798
rc_full64,rc,full64,5,dummy,40,9403113,18.1,1.2168200944546357,0.3492929292929292
rc_full64,rc,full64,5,dummy,40,9403114,18.7,1.3959533599526766,0.3909090909090909
rc_full64,rc,full64,5,dummy,40,9403115,17.2,1.4663502843893852,0.397979797979798
rc_full64,rc,full64,6,gp,67,9403101,24.9,1.4143426557356007,1.0
rc_full64,rc,full64,6,gp,67,9403102,18.7,1.3421609752622254,1.0
rc_full64,rc,full64,6,gp,67,9403103,19.1,1.3560579942338848,1.0
rc_full64,rc,full64,6,gp,67,9403104,20.3,1.3436600237686072,1.0
rc_full64,rc,full64,6,gp,67,9403105,19.8,1.0341513667400053,0.198989898989899
rc_full64,rc,full64,6,gp,67,9403106,19.1,1.215402957640472,0.692929292929293
rc_full64,rc,full64,6,gp,67,9403107,18.8,1.476592628611429,0.5745454545454546
rc_full64,rc,full64,6,gp,67,9403108,24.200000000000003,1.3179631235242928,0.2541414141414141
rc_full64,rc,full64,6,gp,67,9403109,20.0,1.4172266425282196,0.5434343434343434
rc_full64,rc,full64,6,gp,67,9403110,25.1,0.9616923135761728,0.0909090909090909
rc_full64,rc,full64,6,gp,67,9403111,19.9,1.4997141730407446,0.8062626262626262
rc_full64,rc,full64,6,gp,67,9403112,19.4,1.098727524422384,0.3086868686868687
rc_full64,rc,full64,6,gp,67,9403113,19.9,1.3084284270697404,0.4284848484848484
rc_full64,rc,full64,6,gp,67,9403114,22.5,1.452783019822698,0.4767676767676768
rc_full64,rc,full64,6,gp,67,9403115,20.0,1.4035707493081782,0.8826262626262626
rc_full64,rc,full64,7,forest,78,9403101,24.8,1.198495769913455,0.1604040404040404
rc_full64,rc,full64,7,forest,78,9403102,24.1,1.35599475408418,0.6105050505050506
rc_full64,rc,full64,7,forest,78,9403103,19.9,1.3239565305867569,1.0
rc_full64,rc,full64,7,forest,78,9403104,25.6,0.6543804665702004,0.0751515151515151
rc_full64,rc,full64,7,forest,78,9403105,26.1,1.1353744392545448,0.3577777777777777
rc_full64,rc,full64,7,forest,78,9403106,20.5,1.2787156505037127,0.9656565656565655
rc_full64,rc,full64,7,forest,78,9403107,23.200000000000003,1.4278858322471677,0.572929292929293
rc_full64,rc,full64,7,forest,78,9403108,23.9,1.3435806640500123,1.0
rc_full64,rc,full64,7,forest,78,9403109,19.9,1.3339356268651843,0.2197979797979798
rc_full64,rc,full64,7,forest,78,9403110,24.3,1.351610837828641,1.0
rc_full64,rc,full64,7,forest,78,9403111,32.0,1.3214914144422405,0.9208080808080809
rc_full64,rc,full64,7,forest,78,9403112,24.700000000000003,1.300986193024575,1.0
rc_full64,rc,full64,7,forest,78,9403113,25.8,0.7415923722330062,0.0907070707070707
rc_full64,rc,full64,7,forest,78,9403114,26.6,1.3264226740951937,1.0
rc_full64,rc,full64,7,forest,78,9403115,24.4,0.6960914462793711,0.1086868686868686
rc_full64,rc,full64,8,gbrt,31,9403101,19.0,1.0904405298517728,0.0745454545454545
rc_full64,rc,full64,8,gbrt,31,9403102,18.0,1.1243908619970902,0.1163636363636363
rc_full64,rc,full64,8,gbrt,31,9403103,18.4,0.7547300213777021,0.0577777777777777
rc_full64,rc,full64,8,gbrt,31,9403104,20.9,1.352661535156375,0.2874747474747475
rc_full64,rc,full64,8,gbrt,31,9403105,21.6,0.9965349866472832,0.1121212121212121
rc_full64,rc,full64,8,gbrt,31,9403106,38.2,0.7588019375637233,0.1727272727272727
rc_full64,rc,full64,8,gbrt,31,9403107,18.7,0.9756297391602632,0.0747474747474747
rc_full64,rc,full64,8,gbrt,31,9403108,19.5,1.086305822574318,0.1107070707070707
rc_full64,rc,full64,8,gbrt,31,9403109,18.6,1.3960788854152186,0.3111111111111111
rc_full64,rc,full64,8,gbrt,31,9403110,19.4,1.160634326384663,0.143030303030303
rc_full64,rc,full64,8,gbrt,31,9403111,17.6,1.167760606947713,0.1256565656565656
rc_full64,rc,full64,8,gbrt,31,9403112,22.200000000000003,1.0209989882703878,0.108080808080808
rc_full64,rc,full64,8,gbrt,31,9403113,18.6,0.8609892686246756,0.0664646464646464
rc_full64,rc,full64,8,gbrt,31,9403114,19.200000000000003,1.064694023204981,0.1147474747474747
rc_full64,rc,full64,8,gbrt,31,9403115,24.8,0.7729531959457232,0.0763636363636363
rc_full64,rc,full64,9,forest,77,9403101,24.200000000000003,1.4099188915689391,0.4698989898989898
rc_full64,rc,full64,9,forest,77,9403102,25.4,1.403600333763534,0.3646464646464646
rc_full64,rc,full64,9,forest,77,9403103,19.8,1.1798773591284015,0.2292929292929293
rc_full64,rc,full64,9,forest,77,9403104,19.6,1.4144377660311047,1.0
rc_full64,rc,full64,9,forest,77,9403105,24.0,1.436305919221336,0.8781818181818182
rc_full64,rc,full64,9,forest,77,9403106,39.8,1.3492724630104873,1.0
rc_full64,rc,full64,9,forest,77,9403107,19.6,1.3250203355116454,0.2238383838383838
rc_full64,rc,full64,9,forest,77,9403108,23.1,1.409408782580806,0.3193939393939394
rc_full64,rc,full64,9,forest,77,9403109,24.9,1.237724887462942,0.7234343434343434
rc_full64,rc,full64,9,forest,77,9403110,25.8,1.1321330975188215,0.3751515151515151
rc_full64,rc,full64,9,forest,77,9403111,23.8,1.0924231794998271,0.0997979797979798
rc_full64,rc,full64,9,forest,77,9403112,23.700000000000003,1.2978153813222422,0.3535353535353535
rc_full64,rc,full64,9,forest,77,9403113,23.8,1.374259231358593,0.8618181818181818
rc_full64,rc,full64,9,forest,77,9403114,24.8,0.8423554395117558,0.0765656565656565
rc_full64,rc,full64,9,forest,77,9403115,24.4,1.290838545819623,0.3585858585858585
rc_full64,rc,full64,10,gp,66,9403101,24.9,1.4165574232013425,0.8222222222222222
rc_full64,rc,full64,10,gp,66,9403102,18.7,1.1916490139922913,1.0
rc_full64,rc,full64,10,gp,66,9403103,19.1,1.326373190973271,0.277979797979798
rc_full64,rc,full64,10,gp,66,9403104,20.3,1.4994047138045694,0.3771717171717171
rc_full64,rc,full64,10,gp,66,9403105,19.8,1.2210979280364167,0.3466666666666667
rc_full64,rc,full64,10,gp,66,9403106,19.1,1.0357358353126007,0.2739393939393939
rc_full64,rc,full64,10,gp,66,9403107,18.8,1.4841788433019236,0.5963636363636363
rc_full64,rc,full64,10,gp,66,9403108,24.200000000000003,1.298194996634606,0.5804040404040404
rc_full64,rc,full64,10,gp,66,9403109,20.0,1.374322959429568,1.0
rc_full64,rc,full64,10,gp,66,9403110,25.1,0.9353662448999134,0.0886868686868686
rc_full64,rc,full64,10,gp,66,9403111,19.9,1.3495238067229842,0.2167676767676767
rc_full64,rc,full64,10,gp,66,9403112,19.4,1.29406521193946,0.8313131313131313
rc_full64,rc,full64,10,gp,66,9403113,19.9,1.2466992773321768,0.295959595959596
rc_full64,rc,full64,10,gp,66,9403114,22.5,1.4989376582745766,0.5056565656565657
rc_full64,rc,full64,10,gp,66,9403115,20.0,1.3773753125131458,1.0
rc_latent8,rc,latent8,1,gbrt,63,9403101,20.0,1.2980620084584942,1.0
rc_latent8,rc,latent8,1,gbrt,63,9403102,18.2,1.3922884097874229,1.0
rc_latent8,rc,latent8,1,gbrt,63,9403103,16.8,1.440711680612754,1.0
rc_latent8,rc,latent8,1,gbrt,63,9403104,26.4,1.438385338468782,1.0
rc_latent8,rc,latent8,1,gbrt,63,9403105,19.1,1.6904562551429017,1.0
rc_latent8,rc,latent8,1,gbrt,63,9403106,17.900000000000002,1.3340021870345171,1.0
rc_latent8,rc,latent8,1,gbrt,63,9403107,19.6,1.311187483819919,1.0
rc_latent8,rc,latent8,1,gbrt,63,9403108,18.9,1.317249897921842,1.0
rc_latent8,rc,latent8,1,gbrt,63,9403109,23.8,1.358081677849622,1.0
rc_latent8,rc,latent8,1,gbrt,63,9403110,17.400000000000002,1.4812072848609106,1.0
rc_latent8,rc,latent8,1,gbrt,63,9403111,17.8,1.367454556815672,1.0
rc_latent8,rc,latent8,1,gbrt,63,9403112,23.3,1.339236598430949,1.0
rc_latent8,rc,latent8,1,gbrt,63,9403113,18.3,1.4950036419568726,1.0
rc_latent8,rc,latent8,1,gbrt,63,9403114,17.5,1.361110923856723,1.0
rc_latent8,rc,latent8,1,gbrt,63,9403115,19.700000000000003,1.36979006887082,1.0
rc_latent8,rc,latent8,2,forest,54,9403101,19.6,1.419265991456525,1.0
rc_latent8,rc,latent8,2,forest,54,9403102,20.0,1.419526668301451,0.5897959183673469
rc_latent8,rc,latent8,2,forest,54,9403103,20.8,1.384166262832366,1.0
rc_latent8,rc,latent8,2,forest,54,9403104,15.0,1.494274652334555,1.0
rc_latent8,rc,latent8,2,forest,54,9403105,26.0,1.351975688913443,1.0
rc_latent8,rc,latent8,2,forest,54,9403106,18.3,1.3053255503342551,1.0
rc_latent8,rc,latent8,2,forest,54,9403107,20.6,1.3100054462421402,1.0
rc_latent8,rc,latent8,2,forest,54,9403108,15.0,1.5583725708740832,1.0
rc_latent8,rc,latent8,2,forest,54,9403109,13.8,1.294169422481481,1.0
rc_latent8,rc,latent8,2,forest,54,9403110,20.4,1.3223910218439037,1.0
rc_latent8,rc,latent8,2,forest,54,9403111,19.6,1.3638398142401795,1.0
rc_latent8,rc,latent8,2,forest,54,9403112,14.5,1.4041457778419466,1.0
rc_latent8,rc,latent8,2,forest,54,9403113,25.9,1.4093436561749595,1.0
rc_latent8,rc,latent8,2,forest,54,9403114,20.1,1.3859943134745656,1.0
rc_latent8,rc,latent8,2,forest,54,9403115,26.1,1.2720635107322615,1.0
rc_latent8,rc,latent8,3,gbrt,54,9403101,20.0,1.2338674761691568,1.0
rc_latent8,rc,latent8,3,gbrt,54,9403102,18.6,1.439014943172919,1.0
rc_latent8,rc,latent8,3,gbrt,54,9403103,16.3,1.3289510503207578,1.0
rc_latent8,rc,latent8,3,gbrt,54,9403104,25.6,1.255094254214325,1.0
rc_latent8,rc,latent8,3,gbrt,54,9403105,18.2,1.3841240371901948,1.0
rc_latent8,rc,latent8,3,gbrt,54,9403106,18.7,1.382311921991896,1.0
rc_latent8,rc,latent8,3,gbrt,54,9403107,20.3,1.270618708787396,1.0
rc_latent8,rc,latent8,3,gbrt,54,9403108,24.4,1.2186757601131712,1.0
rc_latent8,rc,latent8,3,gbrt,54,9403109,44.7,1.1067344486653428,1.0
rc_latent8,rc,latent8,3,gbrt,54,9403110,18.8,1.3242421870033856,1.0
rc_latent8,rc,latent8,3,gbrt,54,9403111,17.6,1.48192371433052,1.0
rc_latent8,rc,latent8,3,gbrt,54,9403112,19.6,1.340988399975145,1.0
rc_latent8,rc,latent8,3,gbrt,54,9403113,17.8,1.4692478505549769,1.0
rc_latent8,rc,latent8,3,gbrt,54,9403114,18.4,1.377861580162803,1.0
rc_latent8,rc,latent8,3,gbrt,54,9403115,18.5,1.295784354955568,1.0
rc_latent8,rc,latent8,4,gp,49,9403101,17.5,1.0862496053401622,0.3242424242424242
rc_latent8,rc,latent8,4,gp,49,9403102,16.6,1.491530121149616,0.9731313131313132
rc_latent8,rc,latent8,4,gp,49,9403103,14.6,1.3550104939157022,1.0
rc_latent8,rc,latent8,4,gp,49,9403104,16.6,1.6552210421821942,1.0
rc_latent8,rc,latent8,4,gp,49,9403105,18.3,1.0721028833582007,0.1183838383838383
rc_latent8,rc,latent8,4,gp,49,9403106,16.5,1.1362193962843166,0.1749494949494949
rc_latent8,rc,latent8,4,gp,49,9403107,15.0,1.4439110174084406,0.9373737373737374
rc_latent8,rc,latent8,4,gp,49,9403108,17.400000000000002,1.38430082553533,0.4652525252525252
rc_latent8,rc,latent8,4,gp,49,9403109,15.6,1.443487241617618,1.0
rc_latent8,rc,latent8,4,gp,49,9403110,18.0,1.2670709213734686,0.1583838383838383
rc_latent8,rc,latent8,4,gp,49,9403111,17.900000000000002,1.4089774263290842,0.8266666666666667
rc_latent8,rc,latent8,4,gp,49,9403112,16.8,1.54170563005906,0.926060606060606
rc_latent8,rc,latent8,4,gp,49,9403113,25.700000000000003,1.210507059364924,0.3006060606060606
rc_latent8,rc,latent8,4,gp,49,9403114,16.8,1.365665095444898,1.0
rc_latent8,rc,latent8,4,gp,49,9403115,18.6,1.1044846313478542,0.2519191919191919
rc_latent8,rc,latent8,5,gbrt,36,9403101,19.1,0.5044232212347842,0.0604040404040404
rc_latent8,rc,latent8,5,gbrt,36,9403102,24.1,0.4340491419764726,0.0707070707070707
rc_latent8,rc,latent8,5,gbrt,36,9403103,18.5,1.4293470445146397,0.5515151515151515
rc_latent8,rc,latent8,5,gbrt,36,9403104,20.8,0.3679248054616709,0.0557575757575757
rc_latent8,rc,latent8,5,gbrt,36,9403105,18.5,1.3013662268234902,0.2737373737373737
rc_latent8,rc,latent8,5,gbrt,36,9403106,18.1,1.1488014182037294,0.2571717171717171
rc_latent8,rc,latent8,5,gbrt,36,9403107,19.0,0.5268542840374831,0.0636363636363636
rc_latent8,rc,latent8,5,gbrt,36,9403108,20.4,0.313411807305988,0.0545454545454545
rc_latent8,rc,latent8,5,gbrt,36,9403109,18.8,0.9836632595298954,0.1694949494949495
rc_latent8,rc,latent8,5,gbrt,36,9403110,21.4,1.2074519100911647,0.3256565656565656
rc_latent8,rc,latent8,5,gbrt,36,9403111,18.4,0.5355916335682027,0.068080808080808
rc_latent8,rc,latent8,5,gbrt,36,9403112,18.9,1.262814795817454,0.4402020202020202
rc_latent8,rc,latent8,5,gbrt,36,9403113,19.4,0.6845773005724304,0.0858585858585858
rc_latent8,rc,latent8,5,gbrt,36,9403114,19.0,0.4753044223698142,0.0612121212121212
rc_latent8,rc,latent8,5,gbrt,36,9403115,18.7,0.5517828491684706,0.0636363636363636
rc_latent8,rc,latent8,6,forest,29,9403101,19.5,0.476701292046711,0.0729292929292929
rc_latent8,rc,latent8,6,forest,29,9403102,25.0,0.2462964674471755,0.0555555555555555
rc_latent8,rc,latent8,6,forest,29,9403103,18.8,1.0251011458555392,0.1335353535353535
rc_latent8,rc,latent8,6,forest,29,9403104,20.1,0.4534277518832699,0.0589898989898989
rc_latent8,rc,latent8,6,forest,29,9403105,26.1,0.3128523850153608,0.0612121212121212
rc_latent8,rc,latent8,6,forest,29,9403106,18.8,0.3255102702429811,0.0549494949494949
rc_latent8,rc,latent8,6,forest,29,9403107,19.4,0.3497917881821551,0.0559595959595959
rc_latent8,rc,latent8,6,forest,29,9403108,24.0,0.3010541649491532,0.0549494949494949
rc_latent8,rc,latent8,6,forest,29,9403109,17.8,0.7449217924689359,0.0713131313131313
rc_latent8,rc,latent8,6,forest,29,9403110,18.9,0.3290632078884176,0.0537373737373737
rc_latent8,rc,latent8,6,forest,29,9403111,18.0,0.524491629673852,0.0597979797979798
rc_latent8,rc,latent8,6,forest,29,9403112,17.7,0.3765328405833961,0.0543434343434343
rc_latent8,rc,latent8,6,forest,29,9403113,23.0,0.3097460514247595,0.0547474747474747
rc_latent8,rc,latent8,6,forest,29,9403114,18.2,0.4201807959926453,0.0583838383838383
rc_latent8,rc,latent8,6,forest,29,9403115,19.1,0.4339860374991872,0.0575757575757575
rc_latent8,rc,latent8,7,gbrt,37,9403101,19.9,1.0974246708654056,0.3125252525252525
rc_latent8,rc,latent8,7,gbrt,37,9403102,20.6,0.5811570091579485,0.0848484848484848
rc_latent8,rc,latent8,7,gbrt,37,9403103,18.5,1.13812591359237,0.2278787878787878
rc_latent8,rc,latent8,7,gbrt,37,9403104,20.200000000000003,0.4212584593421306,0.062020202020202
rc_latent8,rc,latent8,7,gbrt,37,9403105,18.4,1.459891052735378,1.0
rc_latent8,rc,latent8,7,gbrt,37,9403106,18.7,0.6080038236952681,0.0767676767676767
rc_latent8,rc,latent8,7,gbrt,37,9403107,20.200000000000003,1.1889360008158882,0.5743434343434344
rc_latent8,rc,latent8,7,gbrt,37,9403108,23.9,1.3222018493464691,0.4147474747474747
rc_latent8,rc,latent8,7,gbrt,37,9403109,19.200000000000003,1.3398724817900207,1.0
rc_latent8,rc,latent8,7,gbrt,37,9403110,18.3,1.424443899838086,0.4955555555555556
rc_latent8,rc,latent8,7,gbrt,37,9403111,19.0,0.6511197513281773,0.0814141414141414
rc_latent8,rc,latent8,7,gbrt,37,9403112,19.5,0.7256096613994544,0.0901010101010101
rc_latent8,rc,latent8,7,gbrt,37,9403113,17.5,1.436174580161404,0.9064646464646464
rc_latent8,rc,latent8,7,gbrt,37,9403114,18.2,1.3652163536407986,1.0
rc_latent8,rc,latent8,7,gbrt,37,9403115,19.0,0.4663739570014792,0.0604040404040404
rc_latent8,rc,latent8,8,forest,60,9403101,18.7,0.3675332998965404,0.0537373737373737
rc_latent8,rc,latent8,8,forest,60,9403102,15.6,0.6838721615850775,0.0498989898989899
rc_latent8,rc,latent8,8,forest,60,9403103,17.400000000000002,1.3138214837541662,0.2309090909090909
rc_latent8,rc,latent8,8,forest,60,9403104,19.9,0.2150344107708043,0.045050505050505
rc_latent8,rc,latent8,8,forest,60,9403105,17.0,1.2716441747806144,0.4143434343434343
rc_latent8,rc,latent8,8,forest,60,9403106,18.4,0.5020496366144158,0.0533333333333333
rc_latent8,rc,latent8,8,forest,60,9403107,18.9,0.7146700635651314,0.0733333333333333
rc_latent8,rc,latent8,8,forest,60,9403108,17.5,0.9628289826301502,0.0759595959595959
rc_latent8,rc,latent8,8,forest,60,9403109,24.200000000000003,0.2327147622758933,0.0537373737373737
rc_latent8,rc,latent8,8,forest,60,9403110,17.7,1.051594260629762,0.0872727272727272
rc_latent8,rc,latent8,8,forest,60,9403111,16.8,1.3862154607342196,0.3826262626262626
rc_latent8,rc,latent8,8,forest,60,9403112,18.3,1.3423913713261104,0.3676767676767676
rc_latent8,rc,latent8,8,forest,60,9403113,16.900000000000002,0.8611342833697075,0.0688888888888888
rc_latent8,rc,latent8,8,forest,60,9403114,18.2,0.4226875279892661,0.0474747474747474
rc_latent8,rc,latent8,8,forest,60,9403115,21.200000000000003,0.2091245956136382,0.0494949494949494
rc_latent8,rc,latent8,9,forest,31,9403101,16.6,0.3841259644084818,0.0488888888888888
rc_latent8,rc,latent8,9,forest,31,9403102,18.2,1.1468014937394275,0.1549494949494949
rc_latent8,rc,latent8,9,forest,31,9403103,20.0,1.3616756873394056,0.5628282828282828
rc_latent8,rc,latent8,9,forest,31,9403104,17.1,0.6152022568657651,0.0577777777777777
rc_latent8,rc,latent8,9,forest,31,9403105,14.5,1.414383703265872,0.4004040404040404
rc_latent8,rc,latent8,9,forest,31,9403106,17.3,0.7619028748780527,0.0806060606060606
rc_latent8,rc,latent8,9,forest,31,9403107,17.400000000000002,0.6075979358534405,0.0686868686868686
rc_latent8,rc,latent8,9,forest,31,9403108,17.400000000000002,0.8655392539980906,0.0769696969696969
rc_latent8,rc,latent8,9,forest,31,9403109,18.5,0.6794369468671055,0.0664646464646464
rc_latent8,rc,latent8,9,forest,31,9403110,17.400000000000002,1.0227896369703495,0.1371717171717171
rc_latent8,rc,latent8,9,forest,31,9403111,19.6,0.3756993474876586,0.0593939393939393
rc_latent8,rc,latent8,9,forest,31,9403112,16.7,1.315780143726346,0.7155555555555555
rc_latent8,rc,latent8,9,forest,31,9403113,16.7,1.300979932354129,0.7298989898989899
rc_latent8,rc,latent8,9,forest,31,9403114,15.9,1.5083558769359775,1.0
rc_latent8,rc,latent8,9,forest,31,9403115,16.900000000000002,1.356526779944768,1.0
rc_latent8,rc,latent8,10,forest,59,9403101,19.1,1.425897027243197,1.0
rc_latent8,rc,latent8,10,forest,59,9403102,19.4,0.4545564815553853,0.0577777777777777
rc_latent8,rc,latent8,10,forest,59,9403103,18.2,1.4922718092480427,0.483030303030303
rc_latent8,rc,latent8,10,forest,59,9403104,19.700000000000003,0.3071816820702879,0.0505050505050505
rc_latent8,rc,latent8,10,forest,59,9403105,18.2,1.4485401690210302,0.786060606060606
rc_latent8,rc,latent8,10,forest,59,9403106,18.2,1.2854347971382227,1.0
rc_latent8,rc,latent8,10,forest,59,9403107,18.7,1.4096946715064964,1.0
rc_latent8,rc,latent8,10,forest,59,9403108,19.3,0.6969705242870247,0.0872727272727272
rc_latent8,rc,latent8,10,forest,59,9403109,23.1,1.326966366434878,1.0
rc_latent8,rc,latent8,10,forest,59,9403110,19.6,0.3284749435932184,0.0519191919191919
rc_latent8,rc,latent8,10,forest,59,9403111,18.5,1.301950593818985,1.0
rc_latent8,rc,latent8,10,forest,59,9403112,23.3,1.3410602291880191,0.4573737373737374
rc_latent8,rc,latent8,10,forest,59,9403113,18.5,1.4451697117196671,1.0
rc_latent8,rc,latent8,10,forest,59,9403114,18.7,1.4356957312716216,1.0
rc_latent8,rc,latent8,10,forest,59,9403115,18.7,1.0492242770431497,0.1303030303030303
pinn_full64,pinn,full64,1,gbrt,22,9301101,18.1,23.243568420410156,0.0814
pinn_full64,pinn,full64,1,gbrt,22,9301102,12.600000000000001,66.84881591796875,0.0852
pinn_full64,pinn,full64,1,gbrt,22,9301103,10.9,49.76079177856445,0.0958
pinn_full64,pinn,full64,1,gbrt,22,9301104,16.8,37.92592239379883,0.0826
pinn_full64,pinn,full64,1,gbrt,22,9301105,10.100000000000001,30.617122650146484,0.0956
pinn_full64,pinn,full64,1,gbrt,22,9301106,21.0,51.09299087524414,0.1212
pinn_full64,pinn,full64,1,gbrt,22,9301107,11.100000000000001,56.34941864013672,0.103
pinn_full64,pinn,full64,1,gbrt,22,9301108,20.1,58.42202377319336,0.0916
pinn_full64,pinn,full64,1,gbrt,22,9301109,12.5,29.099960327148438,0.1136
pinn_full64,pinn,full64,1,gbrt,22,9301110,11.8,37.243255615234375,0.1104
pinn_full64,pinn,full64,1,gbrt,22,9301111,10.8,99.310791015625,0.1042
pinn_full64,pinn,full64,1,gbrt,22,9301112,11.3,37.59581756591797,0.1022
pinn_full64,pinn,full64,1,gbrt,22,9301113,16.400000000000002,67.52237701416016,0.0854
pinn_full64,pinn,full64,1,gbrt,22,9301114,12.4,38.90802001953125,0.0932
pinn_full64,pinn,full64,1,gbrt,22,9301115,9.4,45.92210006713867,0.0848
pinn_full64,pinn,full64,2,dummy,62,9301101,20.200000000000003,34.622825622558594,0.1454
pinn_full64,pinn,full64,2,dummy,62,9301102,7.2,30.93435287475586,0.1288
pinn_full64,pinn,full64,2,dummy,62,9301103,22.8,47.101829528808594,0.1022
pinn_full64,pinn,full64,2,dummy,62,9301104,10.200000000000001,24.770511627197266,0.1126
pinn_full64,pinn,full64,2,dummy,62,9301105,13.600000000000001,28.155046463012695,0.1078
pinn_full64,pinn,full64,2,dummy,62,9301106,16.7,51.843597412109375,0.0688
pinn_full64,pinn,full64,2,dummy,62,9301107,15.100000000000001,26.542240142822266,0.1072
pinn_full64,pinn,full64,2,dummy,62,9301108,8.700000000000001,20.5173282623291,0.1414
pinn_full64,pinn,full64,2,dummy,62,9301109,9.0,47.51304244995117,0.1104
pinn_full64,pinn,full64,2,dummy,62,9301110,9.9,50.69185256958008,0.0878
pinn_full64,pinn,full64,2,dummy,62,9301111,17.400000000000002,38.22923278808594,0.0878
pinn_full64,pinn,full64,2,dummy,62,9301112,17.1,18.565631866455078,0.1632
pinn_full64,pinn,full64,2,dummy,62,9301113,9.3,46.36798858642578,0.1138
pinn_full64,pinn,full64,2,dummy,62,9301114,8.700000000000001,29.48138999938965,0.1862
pinn_full64,pinn,full64,2,dummy,62,9301115,20.700000000000003,22.54566192626953,0.172
pinn_full64,pinn,full64,3,gbrt,32,9301101,9.700000000000001,23.65774154663086,0.1506
pinn_full64,pinn,full64,3,gbrt,32,9301102,11.9,32.911354064941406,0.148
pinn_full64,pinn,full64,3,gbrt,32,9301103,9.9,32.758453369140625,0.0742
pinn_full64,pinn,full64,3,gbrt,32,9301104,23.200000000000003,29.370447158813477,0.1334
pinn_full64,pinn,full64,3,gbrt,32,9301105,19.200000000000003,16.86317253112793,0.184
pinn_full64,pinn,full64,3,gbrt,32,9301106,9.0,17.25812530517578,0.117
pinn_full64,pinn,full64,3,gbrt,32,9301107,10.0,24.969972610473633,0.1516
pinn_full64,pinn,full64,3,gbrt,32,9301108,10.3,17.228343963623047,0.1552
pinn_full64,pinn,full64,3,gbrt,32,9301109,19.0,28.001605987548828,0.143
pinn_full64,pinn,full64,3,gbrt,32,9301110,13.5,66.86443328857422,0.1532
pinn_full64,pinn,full64,3,gbrt,32,9301111,15.600000000000001,16.947919845581055,0.1932
pinn_full64,pinn,full64,3,gbrt,32,9301112,16.3,15.723931312561035,0.1658
pinn_full64,pinn,full64,3,gbrt,32,9301113,9.4,34.032447814941406,0.104
pinn_full64,pinn,full64,3,gbrt,32,9301114,10.9,14.336172103881836,0.1538
pinn_full64,pinn,full64,3,gbrt,32,9301115,19.200000000000003,18.780546188354492,0.1574
pinn_full64,pinn,full64,4,gbrt,18,9301101,23.900000000000002,32.754093170166016,0.0908
pinn_full64,pinn,full64,4,gbrt,18,9301102,20.6,25.95840072631836,0.1224
pinn_full64,pinn,full64,4,gbrt,18,9301103,10.5,26.072101593017578,0.1198
pinn_full64,pinn,full64,4,gbrt,18,9301104,17.6,17.124908447265625,0.1322
pinn_full64,pinn,full64,4,gbrt,18,9301105,20.3,21.556377410888672,0.1304
pinn_full64,pinn,full64,4,gbrt,18,9301106,15.4,45.4087028503418,0.1294
pinn_full64,pinn,full64,4,gbrt,18,9301107,12.100000000000001,21.23826789855957,0.1088
pinn_full64,pinn,full64,4,gbrt,18,9301108,8.0,20.619150161743164,0.1152
pinn_full64,pinn,full64,4,gbrt,18,9301109,21.900000000000002,41.31892013549805,0.0798
pinn_full64,pinn,full64,4,gbrt,18,9301110,13.0,40.52943801879883,0.1224
pinn_full64,pinn,full64,4,gbrt,18,9301111,11.600000000000001,23.25953483581543,0.1128
pinn_full64,pinn,full64,4,gbrt,18,9301112,25.3,32.15016174316406,0.1554
pinn_full64,pinn,full64,4,gbrt,18,9301113,18.8,50.364505767822266,0.078
pinn_full64,pinn,full64,4,gbrt,18,9301114,12.0,25.359590530395508,0.0876
pinn_full64,pinn,full64,4,gbrt,18,9301115,14.200000000000001,35.418914794921875,0.1068
pinn_full64,pinn,full64,5,dummy,47,9301101,20.700000000000003,27.508499145507812,0.108
pinn_full64,pinn,full64,5,dummy,47,9301102,20.3,46.585594177246094,0.0946
pinn_full64,pinn,full64,5,dummy,47,9301103,12.3,35.092342376708984,0.0744
pinn_full64,pinn,full64,5,dummy,47,9301104,21.8,29.015457153320312,0.128
pinn_full64,pinn,full64,5,dummy,47,9301105,11.4,32.003108978271484,0.1064
pinn_full64,pinn,full64,5,dummy,47,9301106,11.100000000000001,36.959285736083984,0.0898
pinn_full64,pinn,full64,5,dummy,47,9301107,16.2,43.032474517822266,0.1026
pinn_full64,pinn,full64,5,dummy,47,9301108,20.5,41.859580993652344,0.1138
pinn_full64,pinn,full64,5,dummy,47,9301109,14.600000000000001,47.034385681152344,0.0862
pinn_full64,pinn,full64,5,dummy,47,9301110,21.3,34.24765396118164,0.0834
pinn_full64,pinn,full64,5,dummy,47,9301111,17.400000000000002,23.806203842163086,0.1402
pinn_full64,pinn,full64,5,dummy,47,9301112,23.1,25.980527877807617,0.0872
pinn_full64,pinn,full64,5,dummy,47,9301113,20.400000000000002,42.28030014038086,0.0972
pinn_full64,pinn,full64,5,dummy,47,9301114,19.8,59.863956451416016,0.0858
pinn_full64,pinn,full64,5,dummy,47,9301115,8.5,52.153682708740234,0.0408
pinn_full64,pinn,full64,6,gp,62,9301101,9.700000000000001,16.299898147583008,0.1814
pinn_full64,pinn,full64,6,gp,62,9301102,10.700000000000001,20.04103660583496,0.1712
pinn_full64,pinn,full64,6,gp,62,9301103,12.600000000000001,35.94679641723633,0.1382
pinn_full64,pinn,full64,6,gp,62,9301104,12.5,19.402050018310547,0.1092
pinn_full64,pinn,full64,6,gp,62,9301105,9.5,22.46048355102539,0.1042
pinn_full64,pinn,full64,6,gp,62,9301106,21.200000000000003,31.379112243652344,0.1282
pinn_full64,pinn,full64,6,gp,62,9301107,18.900000000000002,33.517086029052734,0.1224
pinn_full64,pinn,full64,6,gp,62,9301108,19.6,23.9847412109375,0.1684
pinn_full64,pinn,full64,6,gp,62,9301109,9.5,46.77796936035156,0.0574
pinn_full64,pinn,full64,6,gp,62,9301110,15.8,25.791297912597656,0.1378
pinn_full64,pinn,full64,6,gp,62,9301111,17.1,23.731338500976562,0.127
pinn_full64,pinn,full64,6,gp,62,9301112,6.7,21.642831802368164,0.1108
pinn_full64,pinn,full64,6,gp,62,9301113,8.1,23.194149017333984,0.1078
pinn_full64,pinn,full64,6,gp,62,9301114,13.0,46.33253479003906,0.169
pinn_full64,pinn,full64,6,gp,62,9301115,20.8,27.590097427368164,0.1698
pinn_full64,pinn,full64,7,dummy,36,9301101,21.200000000000003,1.9511921405792236,0.7902
pinn_full64,pinn,full64,7,dummy,36,9301102,12.700000000000001,4.766462326049805,0.3004
pinn_full64,pinn,full64,7,dummy,36,9301103,11.0,8.782060623168945,0.2242
pinn_full64,pinn,full64,7,dummy,36,9301104,17.5,3.0381829738616943,0.3408
pinn_full64,pinn,full64,7,dummy,36,9301105,10.8,1.997558832168579,0.7882
pinn_full64,pinn,full64,7,dummy,36,9301106,17.2,3.0846164226531982,0.3208
pinn_full64,pinn,full64,7,dummy,36,9301107,20.400000000000002,3.285148859024048,0.3158
pinn_full64,pinn,full64,7,dummy,36,9301108,16.8,2.144378900527954,0.5848
pinn_full64,pinn,full64,7,dummy,36,9301109,22.5,2.5599331855773926,0.4718
pinn_full64,pinn,full64,7,dummy,36,9301110,16.900000000000002,1.828194499015808,0.8764
pinn_full64,pinn,full64,7,dummy,36,9301111,9.3,5.284046173095703,0.6448
pinn_full64,pinn,full64,7,dummy,36,9301112,10.9,1.5692217350006104,1.0
pinn_full64,pinn,full64,7,dummy,36,9301113,17.400000000000002,1.645595669746399,1.0
pinn_full64,pinn,full64,7,dummy,36,9301114,14.8,1.9660671949386597,0.7558
pinn_full64,pinn,full64,7,dummy,36,9301115,10.5,1.8622045516967773,0.9258
pinn_full64,pinn,full64,8,forest,13,9301101,8.9,50.13866424560547,0.069
pinn_full64,pinn,full64,8,forest,13,9301102,9.9,91.16400909423828,0.0856
pinn_full64,pinn,full64,8,forest,13,9301103,13.8,59.349082946777344,0.0578
pinn_full64,pinn,full64,8,forest,13,9301104,9.0,71.21869659423828,0.065
pinn_full64,pinn,full64,8,forest,13,9301105,8.700000000000001,67.71747589111328,0.0576
pinn_full64,pinn,full64,8,forest,13,9301106,16.5,77.84272766113281,0.0688
pinn_full64,pinn,full64,8,forest,13,9301107,19.900000000000002,51.79475784301758,0.072
pinn_full64,pinn,full64,8,forest,13,9301108,9.8,120.10092163085938,0.0828
pinn_full64,pinn,full64,8,forest,13,9301109,17.6,55.157798767089844,0.0646
pinn_full64,pinn,full64,8,forest,13,9301110,14.600000000000001,67.84435272216797,0.0638
pinn_full64,pinn,full64,8,forest,13,9301111,15.9,60.76115798950195,0.0568
pinn_full64,pinn,full64,8,forest,13,9301112,19.6,54.213375091552734,0.0594
pinn_full64,pinn,full64,8,forest,13,9301113,12.8,71.08039093017578,0.047
pinn_full64,pinn,full64,8,forest,13,9301114,16.2,51.50739288330078,0.0898
pinn_full64,pinn,full64,8,forest,13,9301115,9.8,82.81813049316406,0.0662
pinn_full64,pinn,full64,9,gp,40,9301101,18.0,24.91761016845703,0.1122
pinn_full64,pinn,full64,9,gp,40,9301102,9.700000000000001,24.846736907958984,0.1712
pinn_full64,pinn,full64,9,gp,40,9301103,17.3,22.73241424560547,0.065
pinn_full64,pinn,full64,9,gp,40,9301104,9.4,22.455482482910156,0.1554
pinn_full64,pinn,full64,9,gp,40,9301105,8.8,24.367191314697266,0.096
pinn_full64,pinn,full64,9,gp,40,9301106,21.200000000000003,14.942353248596191,0.1104
pinn_full64,pinn,full64,9,gp,40,9301107,19.200000000000003,13.362737655639648,0.0878
pinn_full64,pinn,full64,9,gp,40,9301108,18.6,22.72272491455078,0.1238
pinn_full64,pinn,full64,9,gp,40,9301109,18.900000000000002,22.530879974365234,0.1426
pinn_full64,pinn,full64,9,gp,40,9301110,15.5,19.32267951965332,0.2512
pinn_full64,pinn,full64,9,gp,40,9301111,18.400000000000002,16.345611572265625,0.1382
pinn_full64,pinn,full64,9,gp,40,9301112,12.700000000000001,21.449047088623047,0.1402
pinn_full64,pinn,full64,9,gp,40,9301113,8.9,23.478883743286133,0.0962
pinn_full64,pinn,full64,9,gp,40,9301114,15.700000000000001,22.383892059326172,0.0906
pinn_full64,pinn,full64,9,gp,40,9301115,9.3,23.98231315612793,0.1094
pinn_full64,pinn,full64,10,gp,25,9301101,8.9,35.64080047607422,0.1186
pinn_full64,pinn,full64,10,gp,25,9301102,8.5,35.37789535522461,0.0408
pinn_full64,pinn,full64,10,gp,25,9301103,18.5,35.2608642578125,0.1004
pinn_full64,pinn,full64,10,gp,25,9301104,12.700000000000001,31.567256927490234,0.1158
pinn_full64,pinn,full64,10,gp,25,9301105,16.400000000000002,44.66301727294922,0.1068
pinn_full64,pinn,full64,10,gp,25,9301106,9.200000000000001,31.941625595092773,0.1066
pinn_full64,pinn,full64,10,gp,25,9301107,34.800000000000004,40.29597473144531,0.0938
pinn_full64,pinn,full64,10,gp,25,9301108,16.400000000000002,41.676551818847656,0.0854
pinn_full64,pinn,full64,10,gp,25,9301109,9.5,63.49253845214844,0.0766
pinn_full64,pinn,full64,10,gp,25,9301110,10.9,41.10371398925781,0.0954
pinn_full64,pinn,full64,10,gp,25,9301111,11.200000000000001,31.313522338867188,0.1056
pinn_full64,pinn,full64,10,gp,25,9301112,12.3,63.46912384033203,0.0962
pinn_full64,pinn,full64,10,gp,25,9301113,23.3,61.347930908203125,0.0782
pinn_full64,pinn,full64,10,gp,25,9301114,16.0,31.351722717285156,0.0752
pinn_full64,pinn,full64,10,gp,25,9301115,11.700000000000001,52.7838134765625,0.083
